{"meta":{"version":1,"warehouse":"2.2.0"},"models":{"Asset":[{"_id":"themes/snippet/source/favicon.ico","path":"favicon.ico","modified":0,"renderable":1},{"_id":"source/了解蚕蛹/images/bcpicture.png","path":"了解蚕蛹/images/bcpicture.png","modified":0,"renderable":0},{"_id":"source/了解蚕蛹/images/1.jpg","path":"了解蚕蛹/images/1.jpg","modified":0,"renderable":0},{"_id":"source/了解蚕蛹/images/touxiang.jpg","path":"了解蚕蛹/images/touxiang.jpg","modified":0,"renderable":0},{"_id":"source/了解蚕蛾/images/1.jpg","path":"了解蚕蛾/images/1.jpg","modified":0,"renderable":0},{"_id":"source/了解蚕蛾/images/bcpicture.png","path":"了解蚕蛾/images/bcpicture.png","modified":0,"renderable":0},{"_id":"source/了解蚕蛾/images/touxiang.jpg","path":"了解蚕蛾/images/touxiang.jpg","modified":0,"renderable":0},{"_id":"source/关于/images/1.jpg","path":"关于/images/1.jpg","modified":0,"renderable":0},{"_id":"source/关于/images/bcpicture.png","path":"关于/images/bcpicture.png","modified":0,"renderable":0},{"_id":"source/关于/images/touxiang.jpg","path":"关于/images/touxiang.jpg","modified":0,"renderable":0},{"_id":"source/蚕蛹破茧成蛾/images/1.jpg","path":"蚕蛹破茧成蛾/images/1.jpg","modified":0,"renderable":0},{"_id":"source/蚕蛹破茧成蛾/images/bcpicture.png","path":"蚕蛹破茧成蛾/images/bcpicture.png","modified":0,"renderable":0},{"_id":"source/蚕蛹破茧成蛾/images/touxiang.jpg","path":"蚕蛹破茧成蛾/images/touxiang.jpg","modified":0,"renderable":0},{"_id":"themes/snippet/source/assets/highlight.pack.js","path":"assets/highlight.pack.js","modified":0,"renderable":1},{"_id":"themes/snippet/source/assets/tagcanvas.min.js","path":"assets/tagcanvas.min.js","modified":0,"renderable":1},{"_id":"themes/snippet/source/css/font-awesome.min.css","path":"css/font-awesome.min.css","modified":0,"renderable":1},{"_id":"themes/snippet/source/css/style.css","path":"css/style.css","modified":0,"renderable":1},{"_id":"themes/snippet/source/img/avatar.jpg","path":"img/avatar.jpg","modified":0,"renderable":1},{"_id":"themes/snippet/source/img/avatar1.jpg","path":"img/avatar1.jpg","modified":0,"renderable":1},{"_id":"themes/snippet/source/img/branding.png","path":"img/branding.png","modified":0,"renderable":1},{"_id":"themes/snippet/source/img/head-img1.jpg","path":"img/head-img1.jpg","modified":0,"renderable":1},{"_id":"themes/snippet/source/img/reward-wepay.jpg","path":"img/reward-wepay.jpg","modified":0,"renderable":1},{"_id":"themes/snippet/source/img/timeline-clock.gif","path":"img/timeline-clock.gif","modified":0,"renderable":1},{"_id":"themes/snippet/source/img/timeline-dot.gif","path":"img/timeline-dot.gif","modified":0,"renderable":1},{"_id":"themes/snippet/source/img/timeline.gif","path":"img/timeline.gif","modified":0,"renderable":1},{"_id":"themes/snippet/source/js/app.js","path":"js/app.js","modified":0,"renderable":1},{"_id":"themes/snippet/source/js/search.js","path":"js/search.js","modified":0,"renderable":1},{"_id":"source/了解蚕蛾/images/交1.png","path":"了解蚕蛾/images/交1.png","modified":0,"renderable":0},{"_id":"source/了解蚕蛾/images/交2.png","path":"了解蚕蛾/images/交2.png","modified":0,"renderable":0},{"_id":"source/了解蚕蛾/images/交3.png","path":"了解蚕蛾/images/交3.png","modified":0,"renderable":0},{"_id":"source/了解蚕蛾/images/交4.png","path":"了解蚕蛾/images/交4.png","modified":0,"renderable":0},{"_id":"source/了解蚕蛾/images/交5.png","path":"了解蚕蛾/images/交5.png","modified":0,"renderable":0},{"_id":"source/了解蚕蛾/images/交6.png","path":"了解蚕蛾/images/交6.png","modified":0,"renderable":0},{"_id":"themes/snippet/source/assets/valine.min.js","path":"assets/valine.min.js","modified":0,"renderable":1},{"_id":"themes/snippet/source/css/bootstrap.min.css","path":"css/bootstrap.min.css","modified":0,"renderable":1},{"_id":"themes/snippet/source/fonts/fontawesome-webfont.woff","path":"fonts/fontawesome-webfont.woff","modified":0,"renderable":1},{"_id":"themes/snippet/source/fonts/fontawesome-webfont.woff2","path":"fonts/fontawesome-webfont.woff2","modified":0,"renderable":1},{"_id":"themes/snippet/source/img/head-img.jpg","path":"img/head-img.jpg","modified":0,"renderable":1},{"_id":"themes/snippet/source/img/loading.gif","path":"img/loading.gif","modified":0,"renderable":1},{"_id":"source/了解蚕蛹/images/蚕蛹的大小.png","path":"了解蚕蛹/images/蚕蛹的大小.png","modified":0,"renderable":0},{"_id":"source/了解蚕蛹/images/蛹侧.png","path":"了解蚕蛹/images/蛹侧.png","modified":0,"renderable":0},{"_id":"source/了解蚕蛹/images/蛹正.png","path":"了解蚕蛹/images/蛹正.png","modified":0,"renderable":0},{"_id":"source/了解蚕蛹/images/蛹腹部.png","path":"了解蚕蛹/images/蛹腹部.png","modified":0,"renderable":0},{"_id":"themes/snippet/source/fonts/FontAwesome.otf","path":"fonts/FontAwesome.otf","modified":0,"renderable":1},{"_id":"themes/snippet/source/fonts/fontawesome-webfont.eot","path":"fonts/fontawesome-webfont.eot","modified":0,"renderable":1},{"_id":"themes/snippet/source/fonts/fontawesome-webfont.ttf","path":"fonts/fontawesome-webfont.ttf","modified":0,"renderable":1},{"_id":"source/了解蚕蛹/images/蚕蛹不一定能变成蚕蛾.png","path":"了解蚕蛹/images/蚕蛹不一定能变成蚕蛾.png","modified":0,"renderable":0},{"_id":"source/蚕蛹破茧成蛾/images/蚕蛹的羽化.png","path":"蚕蛹破茧成蛾/images/蚕蛹的羽化.png","modified":0,"renderable":0},{"_id":"source/蚕蛹破茧成蛾/images/蛾破茧.png","path":"蚕蛹破茧成蛾/images/蛾破茧.png","modified":0,"renderable":0},{"_id":"source/了解蚕蛹/images/蚕在蚕蛹中的变化.png","path":"了解蚕蛹/images/蚕在蚕蛹中的变化.png","modified":0,"renderable":0},{"_id":"themes/snippet/source/fonts/fontawesome-webfont.svg","path":"fonts/fontawesome-webfont.svg","modified":0,"renderable":1}],"Cache":[{"_id":"themes/snippet/.gitignore","hash":"5636464498c54867468ad1459c76b960af9c275c","modified":1545122065744},{"_id":"themes/snippet/.travis.yml","hash":"c1fab2846fb56e0c444faffecbcd46bf746e9f91","modified":1545122065744},{"_id":"themes/snippet/LICENSE","hash":"c976aafe3bc44246a978850b18102966afe3eeb5","modified":1545122065745},{"_id":"themes/snippet/README.md","hash":"b34b5f5fdae62160b3f1a330dc5e76704289ba9e","modified":1545122065746},{"_id":"themes/snippet/_config.yml","hash":"70d6ba4a2e80cc519d53df825150ed2ce95f3b51","modified":1547286260606},{"_id":"themes/snippet/_travis.sh","hash":"030b5b59dc485b5fa7d155a1da30d9c5c4868f6b","modified":1545122065747},{"_id":"themes/snippet/gulpfile.js","hash":"41ab8395f1aea0af1467c58ecda05ae04145dfd3","modified":1545122065748},{"_id":"themes/snippet/package.json","hash":"5d914ea40bae7de59fd8c4b04f1f72b328bfd01b","modified":1545122065779},{"_id":"source/_posts/hello-world.md","hash":"7e765c8087bc6d9753189d8d44cef1068aa27d73","modified":1547302597396},{"_id":"source/_posts/hello.md","hash":"7e765c8087bc6d9753189d8d44cef1068aa27d73","modified":1547286261940},{"_id":"source/_posts/news.md","hash":"73bd55602d1c629d0b218e2d1e59bf68d84e782e","modified":1547286263108},{"_id":"source/_posts/page.md","hash":"73bd55602d1c629d0b218e2d1e59bf68d84e782e","modified":1547302598321},{"_id":"source/_posts/suggestions.md","hash":"d6f7efeb4bb802ac634d88ea4ee46b7456e07da2","modified":1547302603188},{"_id":"source/了解蚕蛹/index.md","hash":"55d8483ed68f622bdf8c7bc736a1e5a4d0cfe7e9","modified":1547302599247},{"_id":"source/了解蚕蛾/index.md","hash":"9bc4dfb75578e5f199f133e064e639215aec6fff","modified":1547302601865},{"_id":"source/关于/index.md","hash":"f412b98fdb6bef4620b1c7b17f96349cda8bd2e3","modified":1547286258853},{"_id":"source/蚕蛹破茧成蛾/index.md","hash":"19f2c0e447f203cb0f363ae4f24c8124c2f55e2f","modified":1547302600482},{"_id":"source/资源更新（一）/index.md","hash":"fe860e65af923f20a886e90d1b97a71a00976062","modified":1547282044431},{"_id":"source/资源更新（三）/index.md","hash":"cf94d798e14ee395eb7bc1a6aa181b95a1d9888c","modified":1547282059219},{"_id":"source/资源更新（二）/index.md","hash":"6419931594988e61aab22d180e1250f2015a75c5","modified":1547282051613},{"_id":"themes/snippet/.git/HEAD","hash":"acbaef275e46a7f14c1ef456fff2c8bbe8c84724","modified":1545122065707},{"_id":"themes/snippet/.git/config","hash":"5c67e4020167066da877cf64920a5593949e24b9","modified":1545122065717},{"_id":"themes/snippet/.git/description","hash":"9635f1b7e12c045212819dd934d809ef07efa2f4","modified":1545122013610},{"_id":"themes/snippet/.git/index","hash":"03ef497af9969b90e00678f56aa1adc3bf1d647f","modified":1545122065821},{"_id":"themes/snippet/.git/packed-refs","hash":"73f6ccd4546a826c606c01afa7a6da003efd1aee","modified":1545122065698},{"_id":"themes/snippet/.github/ISSUE_TEMPLATE.md","hash":"c32422877f786b7a1a35aa59fd9bcbc9c869b583","modified":1545122065742},{"_id":"themes/snippet/languages/default.yml","hash":"61533eb5f4c3e75da584faa54758ad11af9050f7","modified":1545122065749},{"_id":"themes/snippet/languages/ja.yml","hash":"c9deaf06b0edffdcc12c3e48fa649bac094e3f8c","modified":1545122065749},{"_id":"themes/snippet/languages/zh-CN.yml","hash":"f64f65bb89dc7cc8e22a7323f5a36c2beb87a2d7","modified":1545122065750},{"_id":"themes/snippet/languages/zh-TW.yml","hash":"e440a8a29dc4266d9ae06ed3601796f7ef3dddee","modified":1545122065750},{"_id":"themes/snippet/layout/archive.ejs","hash":"71d95943fe978f6f85922800e801cfdd3d06b958","modified":1545122065775},{"_id":"themes/snippet/layout/category.ejs","hash":"91d904f43ae2ad5ec2b05bf1e2473657a8315b5c","modified":1545122065776},{"_id":"themes/snippet/layout/index.ejs","hash":"b0d49ace1c6333b352a37d54c1448b74c8a6c0b0","modified":1545122065777},{"_id":"themes/snippet/layout/layout.ejs","hash":"8cd7e22e8dde838f9043dbfab86333de6a4d46e2","modified":1545122065777},{"_id":"themes/snippet/layout/page.ejs","hash":"7d80e4e36b14d30a7cd2ac1f61376d9ebf264e8b","modified":1545122065778},{"_id":"themes/snippet/layout/post.ejs","hash":"5e680b006ee207303443889f263b541150791f9b","modified":1545122065778},{"_id":"themes/snippet/layout/tag.ejs","hash":"e7062d08cfff13dfe8b8c8915a2eb0fafb0ae567","modified":1545122065779},{"_id":"themes/snippet/scripts/helper.js","hash":"5502d8b4937be2463cd76ca82dcb8bd23c0090f6","modified":1545122065780},{"_id":"themes/snippet/scripts/process.js","hash":"3b3ca8da64cacd9070ea8d888872348f301be2ac","modified":1545122065781},{"_id":"themes/snippet/source/favicon.ico","hash":"65f26147ea3433ffd64d3f18bf281af48dc5d06e","modified":1545122065795},{"_id":"source/了解蚕蛹/images/bcpicture.png","hash":"f4c4980240bbe7826698c2ad5052c3f331085eb3","modified":1543912943715},{"_id":"source/了解蚕蛹/images/1.jpg","hash":"c91448ba47e2970addde193dd5517cb98d2c879a","modified":1543911672885},{"_id":"source/了解蚕蛹/images/touxiang.jpg","hash":"ea10600fe20a41275a708c79f6e8ec7419ed85db","modified":1544517119706},{"_id":"source/了解蚕蛾/images/1.jpg","hash":"c91448ba47e2970addde193dd5517cb98d2c879a","modified":1543911672885},{"_id":"source/了解蚕蛾/images/bcpicture.png","hash":"f4c4980240bbe7826698c2ad5052c3f331085eb3","modified":1543912943715},{"_id":"source/了解蚕蛾/images/touxiang.jpg","hash":"ea10600fe20a41275a708c79f6e8ec7419ed85db","modified":1544517119706},{"_id":"source/关于/images/1.jpg","hash":"c91448ba47e2970addde193dd5517cb98d2c879a","modified":1543911672885},{"_id":"source/关于/images/bcpicture.png","hash":"f4c4980240bbe7826698c2ad5052c3f331085eb3","modified":1543912943715},{"_id":"source/关于/images/touxiang.jpg","hash":"ea10600fe20a41275a708c79f6e8ec7419ed85db","modified":1544517119706},{"_id":"source/蚕蛹破茧成蛾/images/1.jpg","hash":"c91448ba47e2970addde193dd5517cb98d2c879a","modified":1543911672885},{"_id":"source/蚕蛹破茧成蛾/images/bcpicture.png","hash":"f4c4980240bbe7826698c2ad5052c3f331085eb3","modified":1543912943715},{"_id":"source/蚕蛹破茧成蛾/images/touxiang.jpg","hash":"ea10600fe20a41275a708c79f6e8ec7419ed85db","modified":1544517119706},{"_id":"themes/snippet/.git/hooks/applypatch-msg.sample","hash":"4de88eb95a5e93fd27e78b5fb3b5231a8d8917dd","modified":1545122013611},{"_id":"themes/snippet/.git/hooks/commit-msg.sample","hash":"ee1ed5aad98a435f2020b6de35c173b75d9affac","modified":1545122013612},{"_id":"themes/snippet/.git/hooks/fsmonitor-watchman.sample","hash":"f7c0aa40cb0d620ff0bca3efe3521ec79e5d7156","modified":1545122013612},{"_id":"themes/snippet/.git/hooks/post-update.sample","hash":"b614c2f63da7dca9f1db2e7ade61ef30448fc96c","modified":1545122013613},{"_id":"themes/snippet/.git/hooks/pre-applypatch.sample","hash":"f208287c1a92525de9f5462e905a9d31de1e2d75","modified":1545122013614},{"_id":"themes/snippet/.git/hooks/pre-commit.sample","hash":"33729ad4ce51acda35094e581e4088f3167a0af8","modified":1545122013614},{"_id":"themes/snippet/.git/hooks/pre-push.sample","hash":"5c8518bfd1d1d3d2c1a7194994c0a16d8a313a41","modified":1545122013615},{"_id":"themes/snippet/.git/hooks/pre-rebase.sample","hash":"288efdc0027db4cfd8b7c47c4aeddba09b6ded12","modified":1545122013616},{"_id":"themes/snippet/.git/hooks/pre-receive.sample","hash":"705a17d259e7896f0082fe2e9f2c0c3b127be5ac","modified":1545122013616},{"_id":"themes/snippet/.git/hooks/prepare-commit-msg.sample","hash":"2584806ba147152ae005cb675aa4f01d5d068456","modified":1545122013617},{"_id":"themes/snippet/.git/hooks/update.sample","hash":"e729cd61b27c128951d139de8e7c63d1a3758dde","modified":1545122013617},{"_id":"themes/snippet/.git/info/exclude","hash":"c879df015d97615050afa7b9641e3352a1e701ac","modified":1545122013618},{"_id":"themes/snippet/.git/logs/HEAD","hash":"e7bcf6df4562a7ebf80b88da44058808e6d053de","modified":1545122065711},{"_id":"themes/snippet/.github/ISSUE_TEMPLATE/bug_report.md","hash":"f3a5af2cdf1eb03ddb349e1948501b648d72eed5","modified":1545122065743},{"_id":"themes/snippet/.github/ISSUE_TEMPLATE/feature_request.md","hash":"73a98280892b1a46317dad9721b6de5244ded398","modified":1545122065743},{"_id":"themes/snippet/layout/_partial/archive.ejs","hash":"05d4554e401526919b3fce26ac1d2b40a66ec12e","modified":1545122065754},{"_id":"themes/snippet/layout/_partial/article-meta.ejs","hash":"9b68192044cee093cff20c52bd55423faf52f071","modified":1545122065755},{"_id":"themes/snippet/layout/_partial/article.ejs","hash":"5f7c7bdfbc09acf5ae86293a9cf6018c812a3250","modified":1545122065755},{"_id":"themes/snippet/layout/_partial/busuanzi.ejs","hash":"eaec9cbda41e085e5ea627083116b758ffb14c93","modified":1545122065756},{"_id":"themes/snippet/layout/_partial/copyright.ejs","hash":"48c64e7f5ecd287b6129ff4920446db46d35f183","modified":1545122065756},{"_id":"themes/snippet/layout/_partial/footer.ejs","hash":"4985f82693b922e03382af244f4699d5703242a6","modified":1545122065757},{"_id":"themes/snippet/layout/_partial/gallery.ejs","hash":"aecfcee48528c5e8cbf7d23765e030a3fbdd1baf","modified":1545122065758},{"_id":"themes/snippet/layout/_partial/head.ejs","hash":"57e37e6560bb201b0e2afaa4b8efd20bebb7f26e","modified":1545122065758},{"_id":"themes/snippet/layout/_partial/header.ejs","hash":"25625d64245a6e378da030ce77ddf6a53213225b","modified":1545122065759},{"_id":"themes/snippet/layout/_partial/nav.ejs","hash":"197741d4d213fa560e830da855efae286a9729ec","modified":1545122065759},{"_id":"themes/snippet/layout/_partial/pagination.ejs","hash":"20eff43ad205febe8fc675d669b2be0b88c7158e","modified":1545122065760},{"_id":"themes/snippet/layout/_partial/reward.ejs","hash":"654834e99a5fc06577dd7ff660157c2d72c0492e","modified":1545122065760},{"_id":"themes/snippet/layout/_partial/script.ejs","hash":"19b1a16e070deac7ff3cd21598692566ff8b078f","modified":1545122065761},{"_id":"themes/snippet/layout/_partial/sidebar.ejs","hash":"7a4dd0aa5a5acf3a56734385152c28591c45602e","modified":1545122065762},{"_id":"themes/snippet/layout/_partial/toc.ejs","hash":"57a144a4680936731c853a5d79c893584fc6a8f0","modified":1545122065763},{"_id":"themes/snippet/layout/_vendor/baidu_sitemap.ejs","hash":"6ed45973126cd3fc75810d32216760f7be0ef60f","modified":1545122065766},{"_id":"themes/snippet/layout/_widget/archive.ejs","hash":"5af5f3b56c90c7ebd015233bce1059754c31befb","modified":1545122065771},{"_id":"themes/snippet/layout/_widget/category.ejs","hash":"dcdb7a08a2f17beaf610de4e937047c291f39a90","modified":1545122065772},{"_id":"themes/snippet/layout/_widget/friends.ejs","hash":"26eb71dd79f1e7d222b210ecd3afd2e177e1250e","modified":1545122065772},{"_id":"themes/snippet/layout/_widget/notification.ejs","hash":"bb64a2149ea88c75419b706877e1d1a94d7f3e01","modified":1545122065773},{"_id":"themes/snippet/layout/_widget/search.ejs","hash":"f94a530179225d88fbc3a7b23ec63e06da30a972","modified":1545122065773},{"_id":"themes/snippet/layout/_widget/social.ejs","hash":"83be8c71b5b40b79aed50263c28c99282559c23a","modified":1545122065774},{"_id":"themes/snippet/layout/_widget/tagcloud.ejs","hash":"e5d4a31e96f91179a23c0487bb86e97e1970c9bb","modified":1545122065775},{"_id":"themes/snippet/source/assets/highlight.pack.js","hash":"b93558f0b97e233132a8ccf7f0275053f2df4628","modified":1545122065783},{"_id":"themes/snippet/source/assets/tagcanvas.min.js","hash":"8102d7651a1f65b1bd8f8dd62f2d68cdd6b746dd","modified":1545122065784},{"_id":"themes/snippet/source/css/font-awesome.min.css","hash":"624e4a106f0cf385ff4bd6a65c52cecd84f42ef9","modified":1545122065788},{"_id":"themes/snippet/source/css/style.css","hash":"ab4a51912ecd14ec899fa384ba460d8c0bf3a2a3","modified":1545122065794},{"_id":"themes/snippet/source/img/avatar.jpg","hash":"ea10600fe20a41275a708c79f6e8ec7419ed85db","modified":1544517119706},{"_id":"themes/snippet/source/img/avatar1.jpg","hash":"512025710a8c6c938ab636fcb3c9da1c8df0eec0","modified":1545122065813},{"_id":"themes/snippet/source/img/branding.png","hash":"18bee49d6a4c521ad230047c0b416245e009c2c9","modified":1545122065813},{"_id":"themes/snippet/source/img/head-img1.jpg","hash":"a318d304665c2f410f79e6d2eb1b98119f675b4b","modified":1545122065814},{"_id":"themes/snippet/source/img/reward-wepay.jpg","hash":"2a56391f2b6282b49e724b72bf610b0dabf53742","modified":1545122065816},{"_id":"themes/snippet/source/img/timeline-clock.gif","hash":"2bec1bf5efd948ab2e5942b6da8164faa41b62b2","modified":1545122065817},{"_id":"themes/snippet/source/img/timeline-dot.gif","hash":"c85ef87be5b631c009e7c5737d33b61dfe580a4d","modified":1545122065818},{"_id":"themes/snippet/source/img/timeline.gif","hash":"b7c7aac44e618df19626d882dc46db48a4aa3673","modified":1545122065819},{"_id":"themes/snippet/source/js/app.js","hash":"ea09fee9577cda06f27a57a7a889e758545b05cb","modified":1545122065820},{"_id":"themes/snippet/source/js/search.js","hash":"f5d4be173934c38be5b6e8561bdcabe91c6cc2d7","modified":1545122065820},{"_id":"source/了解蚕蛾/images/交1.png","hash":"114d8f23a280493cb6008417415a479efd6ca8a2","modified":1547228627257},{"_id":"source/了解蚕蛾/images/交2.png","hash":"3d1f10d63d62035d59199174e77b1c1e47e62f06","modified":1547228637235},{"_id":"source/了解蚕蛾/images/交3.png","hash":"262a0732ac4aaaba9937d46337df4a55885daa21","modified":1547228645242},{"_id":"source/了解蚕蛾/images/交4.png","hash":"9c10e3ce97da0d3801ffaa7b59486601ca91c6d3","modified":1547228653756},{"_id":"source/了解蚕蛾/images/交5.png","hash":"b4e0c95c638ad004407fb43ab40b5753725d7da6","modified":1547228660887},{"_id":"source/了解蚕蛾/images/交6.png","hash":"464251802d167813f75f49ad741efe8b04b17612","modified":1547228667417},{"_id":"themes/snippet/source/assets/valine.min.js","hash":"61d8a2678c19153cda6bbd45746648816cc3400f","modified":1545122065785},{"_id":"themes/snippet/source/css/bootstrap.min.css","hash":"224c9f9ad11b495358aa61dbd53e838e9b61015b","modified":1545122065787},{"_id":"themes/snippet/source/fonts/fontawesome-webfont.woff","hash":"28b782240b3e76db824e12c02754a9731a167527","modified":1545122065811},{"_id":"themes/snippet/source/fonts/fontawesome-webfont.woff2","hash":"d6f48cba7d076fb6f2fd6ba993a75b9dc1ecbf0c","modified":1545122065812},{"_id":"themes/snippet/source/img/head-img.jpg","hash":"46471cefb53e0fa907309ab69abd367f50348b39","modified":1547271208663},{"_id":"themes/snippet/source/img/loading.gif","hash":"6cea4dc953ac09fb744c7fedc12a1f4736faf8ec","modified":1545122065816},{"_id":"source/了解蚕蛹/images/蚕蛹的大小.png","hash":"ecdb6d158cb748fcdd269aefd66106cc2c07c930","modified":1547228153355},{"_id":"source/了解蚕蛹/images/蛹侧.png","hash":"88bd52bf519e7723041bc80476c3a607d22e8770","modified":1547228925213},{"_id":"source/了解蚕蛹/images/蛹正.png","hash":"0e46f2bbd48ff2e38955d930405dbe4f5d9f1130","modified":1547228934327},{"_id":"source/了解蚕蛹/images/蛹腹部.png","hash":"70e296b8b9bde4f85d2ae81ab55cc2b505aad641","modified":1547228916417},{"_id":"themes/snippet/.git/objects/pack/pack-0dbf8fdd3bd3338bd3db834fc193d14348f2ebaf.idx","hash":"0e2e0008112864874416a6b371da9a5b16457f44","modified":1545122065621},{"_id":"themes/snippet/.git/refs/heads/master","hash":"af0c4f69e27b2046185116f017fdc46f0160a2a8","modified":1545122065711},{"_id":"themes/snippet/layout/_partial/_head-sections/IE.ejs","hash":"7cdbf6bc632c135925e00d5e27243d94a44c8031","modified":1545122065752},{"_id":"themes/snippet/layout/_partial/_head-sections/seo.ejs","hash":"1eabe3d23806f659206ee4f5ab51c21818112c07","modified":1545122065753},{"_id":"themes/snippet/layout/_partial/_head-sections/style.ejs","hash":"8ff2d85b26e0a5b844bfbfbdd55a7cf5628cfc03","modified":1545122065753},{"_id":"themes/snippet/layout/_partial/_head-sections/title.ejs","hash":"0b55f4dcab22788bb5b9b4f0246264278145a424","modified":1545122065754},{"_id":"themes/snippet/layout/_vendor/analytics/baidu.ejs","hash":"e616c6d618d2aa34baa0f244de770abcee8b56f4","modified":1545122065764},{"_id":"themes/snippet/layout/_vendor/analytics/cnzz.ejs","hash":"e12c2cba1b0a9447e7a46b88a1c4d175e65bbf98","modified":1545122065764},{"_id":"themes/snippet/layout/_vendor/analytics/google.ejs","hash":"1ee0f1fadedc00633b3ab30b93bdeffe22b18afe","modified":1545122065765},{"_id":"themes/snippet/layout/_vendor/analytics/index.ejs","hash":"68b3680acd34f62b0b4e0017e3d8bab20d4e459f","modified":1545122065765},{"_id":"themes/snippet/layout/_vendor/analytics/tencent.ejs","hash":"52e4f2541482ae473a750921dfc6bf088fd78b33","modified":1545122065766},{"_id":"themes/snippet/layout/_vendor/comments/changyan.ejs","hash":"c75ac620d6a336921fa61090d22e5cf0a09019a1","modified":1545122065767},{"_id":"themes/snippet/layout/_vendor/comments/disqus.ejs","hash":"0713d00c14a9b5f3b6814f5a9ea6cf21142a511c","modified":1545122065768},{"_id":"themes/snippet/layout/_vendor/comments/gitment.ejs","hash":"61572c2616c319d798024597c2fb8ca470767ca5","modified":1545122065768},{"_id":"themes/snippet/layout/_vendor/comments/index.ejs","hash":"253e8019dd6ad0dff1fc51640c58869d8efe287e","modified":1545122065769},{"_id":"themes/snippet/layout/_vendor/comments/livere.ejs","hash":"084108977f3767b961361495216271972b1ada39","modified":1545122065769},{"_id":"themes/snippet/layout/_vendor/comments/uyan.ejs","hash":"4d5e43c69eb28d2f45bba3c1cee25d773b02f0d0","modified":1545122065770},{"_id":"themes/snippet/layout/_vendor/comments/valine.ejs","hash":"ab1d025b2e3f236dd7cd0f6d366a251b8b5ef9bd","modified":1545122065771},{"_id":"themes/snippet/source/css/less/_reward.less","hash":"77c4b55040e6b8063db1404adf60b7492452be01","modified":1545122065790},{"_id":"themes/snippet/source/css/less/_mixins.less","hash":"74f250b8c287ca5840f4d09a87eb23b69a722a8a","modified":1545122065789},{"_id":"themes/snippet/source/css/less/_highlight.less","hash":"62e0505c4c1be54291964cfad26ac838cee04e0c","modified":1545122065789},{"_id":"themes/snippet/source/css/less/_scrollbar.less","hash":"d6ef59cac4da4994e925786edff920628fa4fb14","modified":1545122065790},{"_id":"themes/snippet/source/css/less/_style.less","hash":"650808de8006c28c3f423a019558982d310e4a95","modified":1545122065791},{"_id":"themes/snippet/source/css/less/_timeline.less","hash":"d5c375ecf21cd276725cb6f367c6230b3a2229d7","modified":1545122065792},{"_id":"themes/snippet/source/css/less/_variable.less","hash":"6879b512c4777d0dbf9f84ed2f488f3ac79d0d73","modified":1545122065793},{"_id":"themes/snippet/source/fonts/FontAwesome.otf","hash":"048707bc52ac4b6563aaa383bfe8660a0ddc908c","modified":1545122065798},{"_id":"themes/snippet/source/fonts/fontawesome-webfont.eot","hash":"d980c2ce873dc43af460d4d572d441304499f400","modified":1545122065802},{"_id":"themes/snippet/source/fonts/fontawesome-webfont.ttf","hash":"13b1eab65a983c7a73bc7997c479d66943f7c6cb","modified":1545122065809},{"_id":"source/了解蚕蛹/images/蚕蛹不一定能变成蚕蛾.png","hash":"0fdf923309971dc4b7c47bca3a81e7b0176bf6df","modified":1547228234727},{"_id":"themes/snippet/.git/logs/refs/heads/master","hash":"e7bcf6df4562a7ebf80b88da44058808e6d053de","modified":1545122065713},{"_id":"themes/snippet/.git/refs/remotes/origin/HEAD","hash":"d9427cda09aba1cdde5c69c2b13c905bddb0bc51","modified":1545122065706},{"_id":"source/蚕蛹破茧成蛾/images/蚕蛹的羽化.png","hash":"36f06bc55fbc872584cc5283b5bc857f32a49cb6","modified":1547227036433},{"_id":"source/蚕蛹破茧成蛾/images/蛾破茧.png","hash":"3b61fd7b7c29bf8b6006c096733d337384b796ca","modified":1547227080256},{"_id":"themes/snippet/.git/logs/refs/remotes/origin/HEAD","hash":"e7bcf6df4562a7ebf80b88da44058808e6d053de","modified":1545122065706},{"_id":"source/了解蚕蛹/images/蚕在蚕蛹中的变化.png","hash":"a24d39dd7d455303853dd6657df6912ecca95ed9","modified":1547228192798},{"_id":"themes/snippet/source/fonts/fontawesome-webfont.svg","hash":"b5483b11f8ba213e733b5b8af9927a04fec996f6","modified":1545122065806},{"_id":"themes/snippet/.git/objects/pack/pack-0dbf8fdd3bd3338bd3db834fc193d14348f2ebaf.pack","hash":"5f32da53336e34877a501c86c54da0185ce4c739","modified":1545122065625},{"_id":"public/atom.xml","hash":"4b6cf32805e87514cb2d4f83cf7bed62bbd363bd","modified":1547303316366},{"_id":"public/content.json","hash":"a6ac173cb65262c3ecdbb2ae1b1971b23ed31c1c","modified":1547303316366},{"_id":"public/search.xml","hash":"1e9e40112671dcd151987232ead9426fbe959b6a","modified":1547303316634},{"_id":"public/了解蚕蛹/index.html","hash":"693c805c9e053117e94f9f11acca6f870f8845f8","modified":1547303316691},{"_id":"public/关于/index.html","hash":"9a4263468b6d2e3bcb06f5280509494bd0f5c18d","modified":1547303316692},{"_id":"public/了解蚕蛾/index.html","hash":"1cd39c14d392442d7118b39746d95c2ee0fbe421","modified":1547303316715},{"_id":"public/蚕蛹破茧成蛾/index.html","hash":"8228663cb7938b73c5a7f70278875eba7744cf52","modified":1547303316719},{"_id":"public/资源更新（一）/index.html","hash":"200fddb4c454309e6246cd7cae40f39a19af1337","modified":1547303316719},{"_id":"public/资源更新（三）/index.html","hash":"91561adca6e3c87f607c1bc50a0cf7e5302aacfc","modified":1547303316719},{"_id":"public/资源更新（二）/index.html","hash":"545276db43962e217a8c25c4a4d309fd0ac668ea","modified":1547303316719},{"_id":"public/2019/01/11/news/index.html","hash":"18ab7b524c188ffc99012d6a9b9c4d133351641a","modified":1547303316719},{"_id":"public/2018/12/04/suggestions/index.html","hash":"527e5b9e9f92e35bdf0be0baac7d04bac6a4b5b0","modified":1547303316719},{"_id":"public/2018/12/04/hello/index.html","hash":"865dd4464bae92082f440b8ad3ad228303b99cd0","modified":1547303316720},{"_id":"public/archives/index.html","hash":"122f0152dbe032737d5113531f4594e6cd7e2256","modified":1547303316720},{"_id":"public/archives/2018/index.html","hash":"d70243cb52b878d4dd061e3a25e5fe361db6a666","modified":1547303316720},{"_id":"public/archives/2018/12/index.html","hash":"81a047d416e9b8742dc35c9c02059dde107086df","modified":1547303316720},{"_id":"public/archives/2019/index.html","hash":"340ca7c795496afbc8442118bebcd2ddc1a261e0","modified":1547303316720},{"_id":"public/archives/2019/01/index.html","hash":"a00047ff2dacb4aed16b48bcae6595bf704c15a7","modified":1547303316720},{"_id":"public/index.html","hash":"bb5770e32e9e2e7132c9745e702f92d2287ec1d6","modified":1547303316720},{"_id":"public/2019/01/12/hello-world/index.html","hash":"f5acbb5b6019835bca6d837905dd17997815f818","modified":1547303316730},{"_id":"public/2019/01/11/page/index.html","hash":"fe7fee5882e1545cfbe5a184ae6431a1f81991ce","modified":1547303316731},{"_id":"public/favicon.ico","hash":"65f26147ea3433ffd64d3f18bf281af48dc5d06e","modified":1547303316747},{"_id":"public/了解蚕蛹/images/touxiang.jpg","hash":"ea10600fe20a41275a708c79f6e8ec7419ed85db","modified":1547303316747},{"_id":"public/了解蚕蛾/images/touxiang.jpg","hash":"ea10600fe20a41275a708c79f6e8ec7419ed85db","modified":1547303316748},{"_id":"public/蚕蛹破茧成蛾/images/touxiang.jpg","hash":"ea10600fe20a41275a708c79f6e8ec7419ed85db","modified":1547303316748},{"_id":"public/img/avatar.jpg","hash":"ea10600fe20a41275a708c79f6e8ec7419ed85db","modified":1547303316748},{"_id":"public/img/branding.png","hash":"18bee49d6a4c521ad230047c0b416245e009c2c9","modified":1547303316748},{"_id":"public/img/head-img1.jpg","hash":"a318d304665c2f410f79e6d2eb1b98119f675b4b","modified":1547303316749},{"_id":"public/img/reward-wepay.jpg","hash":"2a56391f2b6282b49e724b72bf610b0dabf53742","modified":1547303316750},{"_id":"public/img/timeline-clock.gif","hash":"2bec1bf5efd948ab2e5942b6da8164faa41b62b2","modified":1547303316750},{"_id":"public/img/timeline-dot.gif","hash":"c85ef87be5b631c009e7c5737d33b61dfe580a4d","modified":1547303316750},{"_id":"public/img/timeline.gif","hash":"b7c7aac44e618df19626d882dc46db48a4aa3673","modified":1547303316750},{"_id":"public/了解蚕蛹/images/1.jpg","hash":"c91448ba47e2970addde193dd5517cb98d2c879a","modified":1547303316750},{"_id":"public/了解蚕蛾/images/1.jpg","hash":"c91448ba47e2970addde193dd5517cb98d2c879a","modified":1547303316750},{"_id":"public/了解蚕蛾/images/bcpicture.png","hash":"f4c4980240bbe7826698c2ad5052c3f331085eb3","modified":1547303316750},{"_id":"public/关于/images/1.jpg","hash":"c91448ba47e2970addde193dd5517cb98d2c879a","modified":1547303316750},{"_id":"public/关于/images/bcpicture.png","hash":"f4c4980240bbe7826698c2ad5052c3f331085eb3","modified":1547303316750},{"_id":"public/蚕蛹破茧成蛾/images/1.jpg","hash":"c91448ba47e2970addde193dd5517cb98d2c879a","modified":1547303316750},{"_id":"public/蚕蛹破茧成蛾/images/bcpicture.png","hash":"f4c4980240bbe7826698c2ad5052c3f331085eb3","modified":1547303316751},{"_id":"public/img/avatar1.jpg","hash":"512025710a8c6c938ab636fcb3c9da1c8df0eec0","modified":1547303316751},{"_id":"public/关于/images/touxiang.jpg","hash":"ea10600fe20a41275a708c79f6e8ec7419ed85db","modified":1547303316758},{"_id":"public/了解蚕蛾/images/交1.png","hash":"114d8f23a280493cb6008417415a479efd6ca8a2","modified":1547303316758},{"_id":"public/了解蚕蛾/images/交2.png","hash":"3d1f10d63d62035d59199174e77b1c1e47e62f06","modified":1547303316758},{"_id":"public/了解蚕蛾/images/交3.png","hash":"262a0732ac4aaaba9937d46337df4a55885daa21","modified":1547303316759},{"_id":"public/了解蚕蛾/images/交4.png","hash":"9c10e3ce97da0d3801ffaa7b59486601ca91c6d3","modified":1547303316759},{"_id":"public/了解蚕蛾/images/交5.png","hash":"b4e0c95c638ad004407fb43ab40b5753725d7da6","modified":1547303316759},{"_id":"public/了解蚕蛾/images/交6.png","hash":"464251802d167813f75f49ad741efe8b04b17612","modified":1547303316759},{"_id":"public/fonts/fontawesome-webfont.woff","hash":"28b782240b3e76db824e12c02754a9731a167527","modified":1547303316759},{"_id":"public/fonts/fontawesome-webfont.woff2","hash":"d6f48cba7d076fb6f2fd6ba993a75b9dc1ecbf0c","modified":1547303316759},{"_id":"public/img/head-img.jpg","hash":"46471cefb53e0fa907309ab69abd367f50348b39","modified":1547303316760},{"_id":"public/img/loading.gif","hash":"6cea4dc953ac09fb744c7fedc12a1f4736faf8ec","modified":1547303316760},{"_id":"public/assets/js/APlayer.min.js","hash":"22caa28ff6b41a16ff40f15d38f1739e22359478","modified":1547303316760},{"_id":"public/assets/css/DPlayer.min.css","hash":"f7d19655f873b813ffba5d1a17145c91f82631b8","modified":1547303316760},{"_id":"public/了解蚕蛹/images/bcpicture.png","hash":"f4c4980240bbe7826698c2ad5052c3f331085eb3","modified":1547303316760},{"_id":"public/js/app.js","hash":"eca509fc5b45dcd1a0007c62f740529ca31a122f","modified":1547303316765},{"_id":"public/js/search.js","hash":"a6c7ac73821e5c7db7d4ae6de2d00f44367a858e","modified":1547303316765},{"_id":"public/了解蚕蛹/images/蚕蛹的大小.png","hash":"ecdb6d158cb748fcdd269aefd66106cc2c07c930","modified":1547303316765},{"_id":"public/了解蚕蛹/images/蛹侧.png","hash":"88bd52bf519e7723041bc80476c3a607d22e8770","modified":1547303316765},{"_id":"public/了解蚕蛹/images/蛹正.png","hash":"0e46f2bbd48ff2e38955d930405dbe4f5d9f1130","modified":1547303316766},{"_id":"public/了解蚕蛹/images/蛹腹部.png","hash":"70e296b8b9bde4f85d2ae81ab55cc2b505aad641","modified":1547303316766},{"_id":"public/fonts/FontAwesome.otf","hash":"048707bc52ac4b6563aaa383bfe8660a0ddc908c","modified":1547303316766},{"_id":"public/assets/js/DPlayer.min.js","hash":"c3bad7b265574fab0ae4d45867422ea1cb9d6599","modified":1547303316767},{"_id":"public/assets/highlight.pack.js","hash":"f39840759ec9afe56ec1ca30579d1f1c9d1f6026","modified":1547303316775},{"_id":"public/fonts/fontawesome-webfont.eot","hash":"d980c2ce873dc43af460d4d572d441304499f400","modified":1547303316775},{"_id":"public/fonts/fontawesome-webfont.ttf","hash":"13b1eab65a983c7a73bc7997c479d66943f7c6cb","modified":1547303316775},{"_id":"public/了解蚕蛹/images/蚕蛹不一定能变成蚕蛾.png","hash":"0fdf923309971dc4b7c47bca3a81e7b0176bf6df","modified":1547303316782},{"_id":"public/css/font-awesome.min.css","hash":"12d6861075de8e293265ff6ff03b1f3adcb44c76","modified":1547303316787},{"_id":"public/css/style.css","hash":"2edc5ac5eb44118c44f7e29c4dbbbd0c5c84d113","modified":1547303316792},{"_id":"public/assets/tagcanvas.min.js","hash":"a14280f4e924428ac0cdbac7635a7279cab1b6bf","modified":1547303316794},{"_id":"public/蚕蛹破茧成蛾/images/蚕蛹的羽化.png","hash":"36f06bc55fbc872584cc5283b5bc857f32a49cb6","modified":1547303316794},{"_id":"public/蚕蛹破茧成蛾/images/蛾破茧.png","hash":"3b61fd7b7c29bf8b6006c096733d337384b796ca","modified":1547303316794},{"_id":"public/assets/valine.min.js","hash":"d9d4a8f81f288b77b3d0a3866d004e2b5eb30038","modified":1547303316800},{"_id":"public/fonts/fontawesome-webfont.svg","hash":"b5483b11f8ba213e733b5b8af9927a04fec996f6","modified":1547303316800},{"_id":"public/了解蚕蛹/images/蚕在蚕蛹中的变化.png","hash":"a24d39dd7d455303853dd6657df6912ecca95ed9","modified":1547303316803},{"_id":"public/css/bootstrap.min.css","hash":"6527d8bf3e1e9368bab8c7b60f56bc01fa3afd68","modified":1547303316805}],"Category":[],"Data":[],"Page":[{"title":"了解蚕蛹","date":"2019-01-11T15:54:09.000Z","type":"了解蚕蛹","avatar":"images/touxiang.jpg","_content":"## 蚕蛹的大小\n\n&nbsp;&nbsp;&nbsp;&nbsp;&nbsp;&nbsp;蚕茧的大小和蚕蛹有关，一般来说公的蚕宝宝，它的茧和蛹会比较小。\n>![蚕蛹的大小](images/蚕蛹的大小.png)\n\n\n## **蛹的样子**\n\n- 蚕蛹的正面：蚕蛹的正面身体一样是一节一节的；\n>![蚕蛹的正面](images/蛹正.png)\n\n- 蚕蛹的侧面：蚕蛹的侧面也有一个一个的气孔；\n>![蚕蛹的侧面](images/蛹侧.png)\n\n- 蚕蛹的腹部面：蚕蛹的腹部面，可以隐约看见翅膀的纹路和触须及三对足。\n>![蚕蛹的腹部面](images/蛹腹部.png)\n\n\n## 蚕在蚕蛹中的变化\n\n&nbsp;&nbsp;&nbsp;&nbsp;&nbsp;&nbsp;一般可能认为认为蚕正在蚕蛹中休息，其实蛹的身体里正在发生身体结构的大变化，一方面破坏幼虫时期的身体，一方面又要创造蚕蛾的身体。奇妙的是，它们是同一时间进行的。\n>![蚕在蚕蛹中的变化](images/蚕在蚕蛹中的变化.png)\n\n\n## **蚕蛹不一定能变成蚕蛾**\n\n&nbsp;&nbsp;&nbsp;&nbsp;&nbsp;&nbsp;蚕蛹变成蚕蛾后会褪下皮，而体质不良的蚕蛹无法蜕皮变成蚕蛾，全身发黑死在茧里。\n>![蚕蛹不一定能变成蚕蛾](images/蚕蛹不一定能变成蚕蛾.png)\n\n[课程视频资源链接]（http://video.tudou.com/v/XMjcxNjgzNzkxNg==.html)\n[课程课件资源链接]（https://pan.baidu.com/s/18iaA6a3BU7Iqq8IrFV-stA）\n跳转到[首页](..\\)","source":"了解蚕蛹/index.md","raw":"---\ntitle: 了解蚕蛹\ndate: 2019-01-11 23:54:09\ntype: \"了解蚕蛹\"\navatar: images/touxiang.jpg\n---\n## 蚕蛹的大小\n\n&nbsp;&nbsp;&nbsp;&nbsp;&nbsp;&nbsp;蚕茧的大小和蚕蛹有关，一般来说公的蚕宝宝，它的茧和蛹会比较小。\n>![蚕蛹的大小](images/蚕蛹的大小.png)\n\n\n## **蛹的样子**\n\n- 蚕蛹的正面：蚕蛹的正面身体一样是一节一节的；\n>![蚕蛹的正面](images/蛹正.png)\n\n- 蚕蛹的侧面：蚕蛹的侧面也有一个一个的气孔；\n>![蚕蛹的侧面](images/蛹侧.png)\n\n- 蚕蛹的腹部面：蚕蛹的腹部面，可以隐约看见翅膀的纹路和触须及三对足。\n>![蚕蛹的腹部面](images/蛹腹部.png)\n\n\n## 蚕在蚕蛹中的变化\n\n&nbsp;&nbsp;&nbsp;&nbsp;&nbsp;&nbsp;一般可能认为认为蚕正在蚕蛹中休息，其实蛹的身体里正在发生身体结构的大变化，一方面破坏幼虫时期的身体，一方面又要创造蚕蛾的身体。奇妙的是，它们是同一时间进行的。\n>![蚕在蚕蛹中的变化](images/蚕在蚕蛹中的变化.png)\n\n\n## **蚕蛹不一定能变成蚕蛾**\n\n&nbsp;&nbsp;&nbsp;&nbsp;&nbsp;&nbsp;蚕蛹变成蚕蛾后会褪下皮，而体质不良的蚕蛹无法蜕皮变成蚕蛾，全身发黑死在茧里。\n>![蚕蛹不一定能变成蚕蛾](images/蚕蛹不一定能变成蚕蛾.png)\n\n[课程视频资源链接]（http://video.tudou.com/v/XMjcxNjgzNzkxNg==.html)\n[课程课件资源链接]（https://pan.baidu.com/s/18iaA6a3BU7Iqq8IrFV-stA）\n跳转到[首页](..\\)","updated":"2019-01-12T14:16:39.247Z","path":"了解蚕蛹/index.html","comments":1,"layout":"page","_id":"cjqtkfzkg0001447r9wwpjr2m","content":"<script src=\"/assets/js/APlayer.min.js\"> </script><h2 id=\"蚕蛹的大小\"><a href=\"#蚕蛹的大小\" class=\"headerlink\" title=\"蚕蛹的大小\"></a>蚕蛹的大小</h2><p>&nbsp;&nbsp;&nbsp;&nbsp;&nbsp;&nbsp;蚕茧的大小和蚕蛹有关，一般来说公的蚕宝宝，它的茧和蛹会比较小。</p>\n<blockquote>\n<p><img src=\"images/蚕蛹的大小.png\" alt=\"蚕蛹的大小\"></p>\n</blockquote>\n<h2 id=\"蛹的样子\"><a href=\"#蛹的样子\" class=\"headerlink\" title=\"蛹的样子\"></a><strong>蛹的样子</strong></h2><ul>\n<li><p>蚕蛹的正面：蚕蛹的正面身体一样是一节一节的；</p>\n<blockquote>\n<p><img src=\"images/蛹正.png\" alt=\"蚕蛹的正面\"></p>\n</blockquote>\n</li>\n<li><p>蚕蛹的侧面：蚕蛹的侧面也有一个一个的气孔；</p>\n<blockquote>\n<p><img src=\"images/蛹侧.png\" alt=\"蚕蛹的侧面\"></p>\n</blockquote>\n</li>\n<li><p>蚕蛹的腹部面：蚕蛹的腹部面，可以隐约看见翅膀的纹路和触须及三对足。</p>\n<blockquote>\n<p><img src=\"images/蛹腹部.png\" alt=\"蚕蛹的腹部面\"></p>\n</blockquote>\n</li>\n</ul>\n<h2 id=\"蚕在蚕蛹中的变化\"><a href=\"#蚕在蚕蛹中的变化\" class=\"headerlink\" title=\"蚕在蚕蛹中的变化\"></a>蚕在蚕蛹中的变化</h2><p>&nbsp;&nbsp;&nbsp;&nbsp;&nbsp;&nbsp;一般可能认为认为蚕正在蚕蛹中休息，其实蛹的身体里正在发生身体结构的大变化，一方面破坏幼虫时期的身体，一方面又要创造蚕蛾的身体。奇妙的是，它们是同一时间进行的。</p>\n<blockquote>\n<p><img src=\"images/蚕在蚕蛹中的变化.png\" alt=\"蚕在蚕蛹中的变化\"></p>\n</blockquote>\n<h2 id=\"蚕蛹不一定能变成蚕蛾\"><a href=\"#蚕蛹不一定能变成蚕蛾\" class=\"headerlink\" title=\"蚕蛹不一定能变成蚕蛾\"></a><strong>蚕蛹不一定能变成蚕蛾</strong></h2><p>&nbsp;&nbsp;&nbsp;&nbsp;&nbsp;&nbsp;蚕蛹变成蚕蛾后会褪下皮，而体质不良的蚕蛹无法蜕皮变成蚕蛾，全身发黑死在茧里。</p>\n<blockquote>\n<p><img src=\"images/蚕蛹不一定能变成蚕蛾.png\" alt=\"蚕蛹不一定能变成蚕蛾\"></p>\n</blockquote>\n<p>[课程视频资源链接]（<a href=\"http://video.tudou.com/v/XMjcxNjgzNzkxNg==.html\" target=\"_blank\" rel=\"noopener\">http://video.tudou.com/v/XMjcxNjgzNzkxNg==.html</a>)<br>[课程课件资源链接]（<a href=\"https://pan.baidu.com/s/18iaA6a3BU7Iqq8IrFV-stA）\" target=\"_blank\" rel=\"noopener\">https://pan.baidu.com/s/18iaA6a3BU7Iqq8IrFV-stA）</a><br>跳转到<a href=\"..\\\">首页</a></p>\n","site":{"data":{}},"excerpt":"","more":"<h2 id=\"蚕蛹的大小\"><a href=\"#蚕蛹的大小\" class=\"headerlink\" title=\"蚕蛹的大小\"></a>蚕蛹的大小</h2><p>&nbsp;&nbsp;&nbsp;&nbsp;&nbsp;&nbsp;蚕茧的大小和蚕蛹有关，一般来说公的蚕宝宝，它的茧和蛹会比较小。</p>\n<blockquote>\n<p><img src=\"images/蚕蛹的大小.png\" alt=\"蚕蛹的大小\"></p>\n</blockquote>\n<h2 id=\"蛹的样子\"><a href=\"#蛹的样子\" class=\"headerlink\" title=\"蛹的样子\"></a><strong>蛹的样子</strong></h2><ul>\n<li><p>蚕蛹的正面：蚕蛹的正面身体一样是一节一节的；</p>\n<blockquote>\n<p><img src=\"images/蛹正.png\" alt=\"蚕蛹的正面\"></p>\n</blockquote>\n</li>\n<li><p>蚕蛹的侧面：蚕蛹的侧面也有一个一个的气孔；</p>\n<blockquote>\n<p><img src=\"images/蛹侧.png\" alt=\"蚕蛹的侧面\"></p>\n</blockquote>\n</li>\n<li><p>蚕蛹的腹部面：蚕蛹的腹部面，可以隐约看见翅膀的纹路和触须及三对足。</p>\n<blockquote>\n<p><img src=\"images/蛹腹部.png\" alt=\"蚕蛹的腹部面\"></p>\n</blockquote>\n</li>\n</ul>\n<h2 id=\"蚕在蚕蛹中的变化\"><a href=\"#蚕在蚕蛹中的变化\" class=\"headerlink\" title=\"蚕在蚕蛹中的变化\"></a>蚕在蚕蛹中的变化</h2><p>&nbsp;&nbsp;&nbsp;&nbsp;&nbsp;&nbsp;一般可能认为认为蚕正在蚕蛹中休息，其实蛹的身体里正在发生身体结构的大变化，一方面破坏幼虫时期的身体，一方面又要创造蚕蛾的身体。奇妙的是，它们是同一时间进行的。</p>\n<blockquote>\n<p><img src=\"images/蚕在蚕蛹中的变化.png\" alt=\"蚕在蚕蛹中的变化\"></p>\n</blockquote>\n<h2 id=\"蚕蛹不一定能变成蚕蛾\"><a href=\"#蚕蛹不一定能变成蚕蛾\" class=\"headerlink\" title=\"蚕蛹不一定能变成蚕蛾\"></a><strong>蚕蛹不一定能变成蚕蛾</strong></h2><p>&nbsp;&nbsp;&nbsp;&nbsp;&nbsp;&nbsp;蚕蛹变成蚕蛾后会褪下皮，而体质不良的蚕蛹无法蜕皮变成蚕蛾，全身发黑死在茧里。</p>\n<blockquote>\n<p><img src=\"images/蚕蛹不一定能变成蚕蛾.png\" alt=\"蚕蛹不一定能变成蚕蛾\"></p>\n</blockquote>\n<p>[课程视频资源链接]（<a href=\"http://video.tudou.com/v/XMjcxNjgzNzkxNg==.html\" target=\"_blank\" rel=\"noopener\">http://video.tudou.com/v/XMjcxNjgzNzkxNg==.html</a>)<br>[课程课件资源链接]（<a href=\"https://pan.baidu.com/s/18iaA6a3BU7Iqq8IrFV-stA）\" target=\"_blank\" rel=\"noopener\">https://pan.baidu.com/s/18iaA6a3BU7Iqq8IrFV-stA）</a><br>跳转到<a href=\"..\\\">首页</a></p>\n"},{"title":"关于","date":"2019-01-11T15:32:55.000Z","type":"关于","avatar":"images/touxiang.jpg","_content":"## 关于我们\n一学堂，是XX公司倾力打造的在线实用知识学习平台，该平台于2019年1月处正式上线，主要为学习者提供海量、优质的课程，课程结构严谨，用户可以根据自身的学习程度，自主安排学习进度。一学堂的宗旨是，为每一位想真真正正学到些实用知识、技能的学习者，提供贴心的一站式学习服务。\n\n## 特色板块\n\n### 时间轴\n\n在时间轴页面，你可以了解本平台的资源更新情况\n\n### 评  论\n\n主页文章均提供评论功能，你可以发表自己的看法和建议。\n\n\n### 搜  索\n\n平台有“Search”版块，你可以借此快速搜索感兴趣的资源\n\n### 公  告\n\n平台有“Notification”版块，你可以及时了解到平台所发布的最新公告\n\n\n### 优秀平台链接\n\n平台右侧有“Friends”版块，提供了优秀的网上学习平台链接，你可以快速跳转到相应平台进行学习","source":"关于/index.md","raw":"---\ntitle: 关于\ndate: 2019-01-11 23:32:55\ntype: \"关于\"\navatar: images/touxiang.jpg\n---\n## 关于我们\n一学堂，是XX公司倾力打造的在线实用知识学习平台，该平台于2019年1月处正式上线，主要为学习者提供海量、优质的课程，课程结构严谨，用户可以根据自身的学习程度，自主安排学习进度。一学堂的宗旨是，为每一位想真真正正学到些实用知识、技能的学习者，提供贴心的一站式学习服务。\n\n## 特色板块\n\n### 时间轴\n\n在时间轴页面，你可以了解本平台的资源更新情况\n\n### 评  论\n\n主页文章均提供评论功能，你可以发表自己的看法和建议。\n\n\n### 搜  索\n\n平台有“Search”版块，你可以借此快速搜索感兴趣的资源\n\n### 公  告\n\n平台有“Notification”版块，你可以及时了解到平台所发布的最新公告\n\n\n### 优秀平台链接\n\n平台右侧有“Friends”版块，提供了优秀的网上学习平台链接，你可以快速跳转到相应平台进行学习","updated":"2019-01-12T09:44:18.853Z","path":"关于/index.html","comments":1,"layout":"page","_id":"cjqtkfzkk0003447r85o1vgxb","content":"<script src=\"/assets/js/APlayer.min.js\"> </script><h2 id=\"关于我们\"><a href=\"#关于我们\" class=\"headerlink\" title=\"关于我们\"></a>关于我们</h2><p>一学堂，是XX公司倾力打造的在线实用知识学习平台，该平台于2019年1月处正式上线，主要为学习者提供海量、优质的课程，课程结构严谨，用户可以根据自身的学习程度，自主安排学习进度。一学堂的宗旨是，为每一位想真真正正学到些实用知识、技能的学习者，提供贴心的一站式学习服务。</p>\n<h2 id=\"特色板块\"><a href=\"#特色板块\" class=\"headerlink\" title=\"特色板块\"></a>特色板块</h2><h3 id=\"时间轴\"><a href=\"#时间轴\" class=\"headerlink\" title=\"时间轴\"></a>时间轴</h3><p>在时间轴页面，你可以了解本平台的资源更新情况</p>\n<h3 id=\"评-论\"><a href=\"#评-论\" class=\"headerlink\" title=\"评  论\"></a>评  论</h3><p>主页文章均提供评论功能，你可以发表自己的看法和建议。</p>\n<h3 id=\"搜-索\"><a href=\"#搜-索\" class=\"headerlink\" title=\"搜  索\"></a>搜  索</h3><p>平台有“Search”版块，你可以借此快速搜索感兴趣的资源</p>\n<h3 id=\"公-告\"><a href=\"#公-告\" class=\"headerlink\" title=\"公  告\"></a>公  告</h3><p>平台有“Notification”版块，你可以及时了解到平台所发布的最新公告</p>\n<h3 id=\"优秀平台链接\"><a href=\"#优秀平台链接\" class=\"headerlink\" title=\"优秀平台链接\"></a>优秀平台链接</h3><p>平台右侧有“Friends”版块，提供了优秀的网上学习平台链接，你可以快速跳转到相应平台进行学习</p>\n","site":{"data":{}},"excerpt":"","more":"<h2 id=\"关于我们\"><a href=\"#关于我们\" class=\"headerlink\" title=\"关于我们\"></a>关于我们</h2><p>一学堂，是XX公司倾力打造的在线实用知识学习平台，该平台于2019年1月处正式上线，主要为学习者提供海量、优质的课程，课程结构严谨，用户可以根据自身的学习程度，自主安排学习进度。一学堂的宗旨是，为每一位想真真正正学到些实用知识、技能的学习者，提供贴心的一站式学习服务。</p>\n<h2 id=\"特色板块\"><a href=\"#特色板块\" class=\"headerlink\" title=\"特色板块\"></a>特色板块</h2><h3 id=\"时间轴\"><a href=\"#时间轴\" class=\"headerlink\" title=\"时间轴\"></a>时间轴</h3><p>在时间轴页面，你可以了解本平台的资源更新情况</p>\n<h3 id=\"评-论\"><a href=\"#评-论\" class=\"headerlink\" title=\"评  论\"></a>评  论</h3><p>主页文章均提供评论功能，你可以发表自己的看法和建议。</p>\n<h3 id=\"搜-索\"><a href=\"#搜-索\" class=\"headerlink\" title=\"搜  索\"></a>搜  索</h3><p>平台有“Search”版块，你可以借此快速搜索感兴趣的资源</p>\n<h3 id=\"公-告\"><a href=\"#公-告\" class=\"headerlink\" title=\"公  告\"></a>公  告</h3><p>平台有“Notification”版块，你可以及时了解到平台所发布的最新公告</p>\n<h3 id=\"优秀平台链接\"><a href=\"#优秀平台链接\" class=\"headerlink\" title=\"优秀平台链接\"></a>优秀平台链接</h3><p>平台右侧有“Friends”版块，提供了优秀的网上学习平台链接，你可以快速跳转到相应平台进行学习</p>\n"},{"title":"了解蚕蛾","date":"2019-01-11T15:55:00.000Z","type":"了解蚕蛾","avatar":"images/touxiang.jpg","_content":"## 蚕蛾的身体构造\n\n*   蚕蛾是成虫期，身体分头、胸、腹部、三部分，全身由白色鳞片密布，头部有一对像梳子的触角，头上有一对触角，胸有三对足，两对翅；\n*   雄蚕蛾身体较小，触角较大；雌蛾身体较大，但触角较小；\n*   雄蚕蛾利用触角嗅出雌蛾的存在，便进行结婚典礼，蚕蛾便不会变了，他们是蚕爸爸和蚕妈妈。\n\n## 蚕蛾的交尾与排卵\n\n1.雄蚕蛾鼓动翅膀寻找雌蚕蛾交尾，图中的雌蚕蛾则露出香水囊，吸引雄蛾。\n>![1](images/交1.png)\n\n2.正在交尾的雄蛾和雌蛾。\n>![1](images/交2.png)\n\n3.左边的雄蛾触须较大且黑粗，右边雌蛾触须较小且颜色淡。\n>![1](images/交3.png)\n\n4.正在产卵的雌蛾，可以看出一个蚕卵正要产出来。\n>![1](images/交4.png)\n\n5.产卵的雌蚕蛾，每一只约可产400到500只卵。\n>![1](images/交5.png)\n\n6.新生的蚕卵，扁扁的，颜色呈淡黄色。\n>![1](images/交6.png)\n\n[课程视频资源链接]（http://video.tudou.com/v/XMjcxNjgzNzkxNg==.html)\n[课程课件资源链接]（https://pan.baidu.com/s/18iaA6a3BU7Iqq8IrFV-stA）\n跳转到[首页](..\\)","source":"了解蚕蛾/index.md","raw":"---\ntitle: 了解蚕蛾\ndate: 2019-01-11 23:55:00\ntype: \"了解蚕蛾\"\navatar: images/touxiang.jpg\n---\n## 蚕蛾的身体构造\n\n*   蚕蛾是成虫期，身体分头、胸、腹部、三部分，全身由白色鳞片密布，头部有一对像梳子的触角，头上有一对触角，胸有三对足，两对翅；\n*   雄蚕蛾身体较小，触角较大；雌蛾身体较大，但触角较小；\n*   雄蚕蛾利用触角嗅出雌蛾的存在，便进行结婚典礼，蚕蛾便不会变了，他们是蚕爸爸和蚕妈妈。\n\n## 蚕蛾的交尾与排卵\n\n1.雄蚕蛾鼓动翅膀寻找雌蚕蛾交尾，图中的雌蚕蛾则露出香水囊，吸引雄蛾。\n>![1](images/交1.png)\n\n2.正在交尾的雄蛾和雌蛾。\n>![1](images/交2.png)\n\n3.左边的雄蛾触须较大且黑粗，右边雌蛾触须较小且颜色淡。\n>![1](images/交3.png)\n\n4.正在产卵的雌蛾，可以看出一个蚕卵正要产出来。\n>![1](images/交4.png)\n\n5.产卵的雌蚕蛾，每一只约可产400到500只卵。\n>![1](images/交5.png)\n\n6.新生的蚕卵，扁扁的，颜色呈淡黄色。\n>![1](images/交6.png)\n\n[课程视频资源链接]（http://video.tudou.com/v/XMjcxNjgzNzkxNg==.html)\n[课程课件资源链接]（https://pan.baidu.com/s/18iaA6a3BU7Iqq8IrFV-stA）\n跳转到[首页](..\\)","updated":"2019-01-12T14:16:41.865Z","path":"了解蚕蛾/index.html","comments":1,"layout":"page","_id":"cjqtkfzko0005447rm8k7redh","content":"<script src=\"/assets/js/APlayer.min.js\"> </script><h2 id=\"蚕蛾的身体构造\"><a href=\"#蚕蛾的身体构造\" class=\"headerlink\" title=\"蚕蛾的身体构造\"></a>蚕蛾的身体构造</h2><ul>\n<li>蚕蛾是成虫期，身体分头、胸、腹部、三部分，全身由白色鳞片密布，头部有一对像梳子的触角，头上有一对触角，胸有三对足，两对翅；</li>\n<li>雄蚕蛾身体较小，触角较大；雌蛾身体较大，但触角较小；</li>\n<li>雄蚕蛾利用触角嗅出雌蛾的存在，便进行结婚典礼，蚕蛾便不会变了，他们是蚕爸爸和蚕妈妈。</li>\n</ul>\n<h2 id=\"蚕蛾的交尾与排卵\"><a href=\"#蚕蛾的交尾与排卵\" class=\"headerlink\" title=\"蚕蛾的交尾与排卵\"></a>蚕蛾的交尾与排卵</h2><p>1.雄蚕蛾鼓动翅膀寻找雌蚕蛾交尾，图中的雌蚕蛾则露出香水囊，吸引雄蛾。</p>\n<blockquote>\n<p><img src=\"images/交1.png\" alt=\"1\"></p>\n</blockquote>\n<p>2.正在交尾的雄蛾和雌蛾。</p>\n<blockquote>\n<p><img src=\"images/交2.png\" alt=\"1\"></p>\n</blockquote>\n<p>3.左边的雄蛾触须较大且黑粗，右边雌蛾触须较小且颜色淡。</p>\n<blockquote>\n<p><img src=\"images/交3.png\" alt=\"1\"></p>\n</blockquote>\n<p>4.正在产卵的雌蛾，可以看出一个蚕卵正要产出来。</p>\n<blockquote>\n<p><img src=\"images/交4.png\" alt=\"1\"></p>\n</blockquote>\n<p>5.产卵的雌蚕蛾，每一只约可产400到500只卵。</p>\n<blockquote>\n<p><img src=\"images/交5.png\" alt=\"1\"></p>\n</blockquote>\n<p>6.新生的蚕卵，扁扁的，颜色呈淡黄色。</p>\n<blockquote>\n<p><img src=\"images/交6.png\" alt=\"1\"></p>\n</blockquote>\n<p>[课程视频资源链接]（<a href=\"http://video.tudou.com/v/XMjcxNjgzNzkxNg==.html\" target=\"_blank\" rel=\"noopener\">http://video.tudou.com/v/XMjcxNjgzNzkxNg==.html</a>)<br>[课程课件资源链接]（<a href=\"https://pan.baidu.com/s/18iaA6a3BU7Iqq8IrFV-stA）\" target=\"_blank\" rel=\"noopener\">https://pan.baidu.com/s/18iaA6a3BU7Iqq8IrFV-stA）</a><br>跳转到<a href=\"..\\\">首页</a></p>\n","site":{"data":{}},"excerpt":"","more":"<h2 id=\"蚕蛾的身体构造\"><a href=\"#蚕蛾的身体构造\" class=\"headerlink\" title=\"蚕蛾的身体构造\"></a>蚕蛾的身体构造</h2><ul>\n<li>蚕蛾是成虫期，身体分头、胸、腹部、三部分，全身由白色鳞片密布，头部有一对像梳子的触角，头上有一对触角，胸有三对足，两对翅；</li>\n<li>雄蚕蛾身体较小，触角较大；雌蛾身体较大，但触角较小；</li>\n<li>雄蚕蛾利用触角嗅出雌蛾的存在，便进行结婚典礼，蚕蛾便不会变了，他们是蚕爸爸和蚕妈妈。</li>\n</ul>\n<h2 id=\"蚕蛾的交尾与排卵\"><a href=\"#蚕蛾的交尾与排卵\" class=\"headerlink\" title=\"蚕蛾的交尾与排卵\"></a>蚕蛾的交尾与排卵</h2><p>1.雄蚕蛾鼓动翅膀寻找雌蚕蛾交尾，图中的雌蚕蛾则露出香水囊，吸引雄蛾。</p>\n<blockquote>\n<p><img src=\"images/交1.png\" alt=\"1\"></p>\n</blockquote>\n<p>2.正在交尾的雄蛾和雌蛾。</p>\n<blockquote>\n<p><img src=\"images/交2.png\" alt=\"1\"></p>\n</blockquote>\n<p>3.左边的雄蛾触须较大且黑粗，右边雌蛾触须较小且颜色淡。</p>\n<blockquote>\n<p><img src=\"images/交3.png\" alt=\"1\"></p>\n</blockquote>\n<p>4.正在产卵的雌蛾，可以看出一个蚕卵正要产出来。</p>\n<blockquote>\n<p><img src=\"images/交4.png\" alt=\"1\"></p>\n</blockquote>\n<p>5.产卵的雌蚕蛾，每一只约可产400到500只卵。</p>\n<blockquote>\n<p><img src=\"images/交5.png\" alt=\"1\"></p>\n</blockquote>\n<p>6.新生的蚕卵，扁扁的，颜色呈淡黄色。</p>\n<blockquote>\n<p><img src=\"images/交6.png\" alt=\"1\"></p>\n</blockquote>\n<p>[课程视频资源链接]（<a href=\"http://video.tudou.com/v/XMjcxNjgzNzkxNg==.html\" target=\"_blank\" rel=\"noopener\">http://video.tudou.com/v/XMjcxNjgzNzkxNg==.html</a>)<br>[课程课件资源链接]（<a href=\"https://pan.baidu.com/s/18iaA6a3BU7Iqq8IrFV-stA）\" target=\"_blank\" rel=\"noopener\">https://pan.baidu.com/s/18iaA6a3BU7Iqq8IrFV-stA）</a><br>跳转到<a href=\"..\\\">首页</a></p>\n"},{"title":"蚕蛹破茧成蛾","date":"2019-01-11T15:54:34.000Z","type":"蚕蛹破茧成蛾","avatar":"images/touxiang.jpg","_content":"- **1.蚕蛹的羽化**\n\n&nbsp;&nbsp;&nbsp;&nbsp;&nbsp;&nbsp;大约经过10-15天，当蛹成熟时会蜕去蛹壳羽化成蚕蛾，首先会将头部附近的蚕层软化后用头及胸部去顶。当听到一声轻微的撕裂声后，蛹从背部裂了一条缝，蚕蛾头出现了，黑色的触须也忙着伸出来，似乎要先探探这个陌生的世界。\n>![蚕蛹的羽化](images/蚕蛹的羽化.png)\n\n- **2.蚕蛾破茧羽化**\n\n&nbsp;&nbsp;&nbsp;&nbsp;&nbsp;&nbsp;蚕结茧后，约十到十五天，用就准备羽化，蛹在茧里羽化为蚕蛾后，蚕蛾会从嘴部分分泌出碱性液体，把茧蚕的一端变得湿润，蚕蛾就会从这里把茧顶破。蚕蛾会先伸出头，再用脚的力量向前推，露出胸、腹部，接着整只蚕蛾爬出茧。这时蚕蛾的翅膀是湿湿的、皱皱的，蚕蛾会一边走一边鼓翅，翅膀会想吹气球一样慢慢膨胀并展开，大约一小时后会变硬。\n>![蚕蛹的羽化](images/蛾破茧.png)\n\n[课程视频资源链接]（http://video.tudou.com/v/XMjcxNjgzNzkxNg==.html)\n[课程课件资源链接]（https://pan.baidu.com/s/18iaA6a3BU7Iqq8IrFV-stA）\n跳转到[首页](..\\)","source":"蚕蛹破茧成蛾/index.md","raw":"---\ntitle: 蚕蛹破茧成蛾\ndate: 2019-01-11 23:54:34\ntype: \"蚕蛹破茧成蛾\"\navatar: images/touxiang.jpg\n---\n- **1.蚕蛹的羽化**\n\n&nbsp;&nbsp;&nbsp;&nbsp;&nbsp;&nbsp;大约经过10-15天，当蛹成熟时会蜕去蛹壳羽化成蚕蛾，首先会将头部附近的蚕层软化后用头及胸部去顶。当听到一声轻微的撕裂声后，蛹从背部裂了一条缝，蚕蛾头出现了，黑色的触须也忙着伸出来，似乎要先探探这个陌生的世界。\n>![蚕蛹的羽化](images/蚕蛹的羽化.png)\n\n- **2.蚕蛾破茧羽化**\n\n&nbsp;&nbsp;&nbsp;&nbsp;&nbsp;&nbsp;蚕结茧后，约十到十五天，用就准备羽化，蛹在茧里羽化为蚕蛾后，蚕蛾会从嘴部分分泌出碱性液体，把茧蚕的一端变得湿润，蚕蛾就会从这里把茧顶破。蚕蛾会先伸出头，再用脚的力量向前推，露出胸、腹部，接着整只蚕蛾爬出茧。这时蚕蛾的翅膀是湿湿的、皱皱的，蚕蛾会一边走一边鼓翅，翅膀会想吹气球一样慢慢膨胀并展开，大约一小时后会变硬。\n>![蚕蛹的羽化](images/蛾破茧.png)\n\n[课程视频资源链接]（http://video.tudou.com/v/XMjcxNjgzNzkxNg==.html)\n[课程课件资源链接]（https://pan.baidu.com/s/18iaA6a3BU7Iqq8IrFV-stA）\n跳转到[首页](..\\)","updated":"2019-01-12T14:16:40.482Z","path":"蚕蛹破茧成蛾/index.html","comments":1,"layout":"page","_id":"cjqtkfzlp0008447r6y7rx7pz","content":"<script src=\"/assets/js/APlayer.min.js\"> </script><ul>\n<li><strong>1.蚕蛹的羽化</strong></li>\n</ul>\n<p>&nbsp;&nbsp;&nbsp;&nbsp;&nbsp;&nbsp;大约经过10-15天，当蛹成熟时会蜕去蛹壳羽化成蚕蛾，首先会将头部附近的蚕层软化后用头及胸部去顶。当听到一声轻微的撕裂声后，蛹从背部裂了一条缝，蚕蛾头出现了，黑色的触须也忙着伸出来，似乎要先探探这个陌生的世界。</p>\n<blockquote>\n<p><img src=\"images/蚕蛹的羽化.png\" alt=\"蚕蛹的羽化\"></p>\n</blockquote>\n<ul>\n<li><strong>2.蚕蛾破茧羽化</strong></li>\n</ul>\n<p>&nbsp;&nbsp;&nbsp;&nbsp;&nbsp;&nbsp;蚕结茧后，约十到十五天，用就准备羽化，蛹在茧里羽化为蚕蛾后，蚕蛾会从嘴部分分泌出碱性液体，把茧蚕的一端变得湿润，蚕蛾就会从这里把茧顶破。蚕蛾会先伸出头，再用脚的力量向前推，露出胸、腹部，接着整只蚕蛾爬出茧。这时蚕蛾的翅膀是湿湿的、皱皱的，蚕蛾会一边走一边鼓翅，翅膀会想吹气球一样慢慢膨胀并展开，大约一小时后会变硬。</p>\n<blockquote>\n<p><img src=\"images/蛾破茧.png\" alt=\"蚕蛹的羽化\"></p>\n</blockquote>\n<p>[课程视频资源链接]（<a href=\"http://video.tudou.com/v/XMjcxNjgzNzkxNg==.html\" target=\"_blank\" rel=\"noopener\">http://video.tudou.com/v/XMjcxNjgzNzkxNg==.html</a>)<br>[课程课件资源链接]（<a href=\"https://pan.baidu.com/s/18iaA6a3BU7Iqq8IrFV-stA）\" target=\"_blank\" rel=\"noopener\">https://pan.baidu.com/s/18iaA6a3BU7Iqq8IrFV-stA）</a><br>跳转到<a href=\"..\\\">首页</a></p>\n","site":{"data":{}},"excerpt":"","more":"<ul>\n<li><strong>1.蚕蛹的羽化</strong></li>\n</ul>\n<p>&nbsp;&nbsp;&nbsp;&nbsp;&nbsp;&nbsp;大约经过10-15天，当蛹成熟时会蜕去蛹壳羽化成蚕蛾，首先会将头部附近的蚕层软化后用头及胸部去顶。当听到一声轻微的撕裂声后，蛹从背部裂了一条缝，蚕蛾头出现了，黑色的触须也忙着伸出来，似乎要先探探这个陌生的世界。</p>\n<blockquote>\n<p><img src=\"images/蚕蛹的羽化.png\" alt=\"蚕蛹的羽化\"></p>\n</blockquote>\n<ul>\n<li><strong>2.蚕蛾破茧羽化</strong></li>\n</ul>\n<p>&nbsp;&nbsp;&nbsp;&nbsp;&nbsp;&nbsp;蚕结茧后，约十到十五天，用就准备羽化，蛹在茧里羽化为蚕蛾后，蚕蛾会从嘴部分分泌出碱性液体，把茧蚕的一端变得湿润，蚕蛾就会从这里把茧顶破。蚕蛾会先伸出头，再用脚的力量向前推，露出胸、腹部，接着整只蚕蛾爬出茧。这时蚕蛾的翅膀是湿湿的、皱皱的，蚕蛾会一边走一边鼓翅，翅膀会想吹气球一样慢慢膨胀并展开，大约一小时后会变硬。</p>\n<blockquote>\n<p><img src=\"images/蛾破茧.png\" alt=\"蚕蛹的羽化\"></p>\n</blockquote>\n<p>[课程视频资源链接]（<a href=\"http://video.tudou.com/v/XMjcxNjgzNzkxNg==.html\" target=\"_blank\" rel=\"noopener\">http://video.tudou.com/v/XMjcxNjgzNzkxNg==.html</a>)<br>[课程课件资源链接]（<a href=\"https://pan.baidu.com/s/18iaA6a3BU7Iqq8IrFV-stA）\" target=\"_blank\" rel=\"noopener\">https://pan.baidu.com/s/18iaA6a3BU7Iqq8IrFV-stA）</a><br>跳转到<a href=\"..\\\">首页</a></p>\n"},{"title":"资源更新（一）","date":"2019-01-12T08:21:53.000Z","type":"资源更新（一）","_content":"“了解蚕蛹”相关课程资源已经上传","source":"资源更新（一）/index.md","raw":"---\ntitle: 资源更新（一）\ndate: 2019-01-12 16:21:53\ntype: \"资源更新（一）\"\n---\n“了解蚕蛹”相关课程资源已经上传","updated":"2019-01-12T08:34:04.431Z","path":"资源更新（一）/index.html","comments":1,"layout":"page","_id":"cjqtkfzlu0009447rw9mpvmga","content":"<script src=\"/assets/js/APlayer.min.js\"> </script><p>“了解蚕蛹”相关课程资源已经上传</p>\n","site":{"data":{}},"excerpt":"","more":"<p>“了解蚕蛹”相关课程资源已经上传</p>\n"},{"title":"资源更新（三）","date":"2019-01-12T08:28:22.000Z","type":"资源更新（三）","_content":"“了解蚕蛾”相关课程资源已经上传","source":"资源更新（三）/index.md","raw":"---\ntitle: 资源更新（三）\ndate: 2019-01-12 16:28:22\ntype: \"资源更新（三）\"\n---\n“了解蚕蛾”相关课程资源已经上传","updated":"2019-01-12T08:34:19.219Z","path":"资源更新（三）/index.html","comments":1,"layout":"page","_id":"cjqtkfzlz000a447rjdekfxru","content":"<script src=\"/assets/js/APlayer.min.js\"> </script><p>“了解蚕蛾”相关课程资源已经上传</p>\n","site":{"data":{}},"excerpt":"","more":"<p>“了解蚕蛾”相关课程资源已经上传</p>\n"},{"title":"资源更新（二）","date":"2019-01-12T08:28:03.000Z","type":"资源更新（二）","_content":"“蚕蛹破茧成蛾”相关课程资源已经上传","source":"资源更新（二）/index.md","raw":"\t---\ntitle: 资源更新（二）\ndate: 2019-01-12 16:28:03\ntype: \"资源更新（二）\"\n---\n“蚕蛹破茧成蛾”相关课程资源已经上传","updated":"2019-01-12T08:34:11.613Z","path":"资源更新（二）/index.html","comments":1,"layout":"page","_id":"cjqtkfzm2000b447rgkiu3e8o","content":"<script src=\"/assets/js/APlayer.min.js\"> </script><p>“蚕蛹破茧成蛾”相关课程资源已经上传</p>\n","site":{"data":{}},"excerpt":"","more":"<p>“蚕蛹破茧成蛾”相关课程资源已经上传</p>\n"}],"Post":[{"title":"Welcome to Yi School","_content":"&nbsp;&nbsp;&nbsp;&nbsp;&nbsp;&nbsp;一学堂，一个专注知识水平提升的在线学习平台，为学生提供了海量、优质的学习资源，学生可以根据自身的学习程度，自主安排学习进度。\n\n### 文章链接\n\n最上方有“了解蚕蛹”、“蚕蛹破茧成蛾”、“了解蚕蛾”三篇文章，学生点击相应文章可以进入详细页面\n\n\n### 时间轴\n\n点击“时间轴”链接可以进入时间轴页面，在时间轴页面，你可以了解本平台的资源更新情况\n\n### 评  论\n\n主页文章均提供评论功能，你可以发表自己的看法和建议。\n\n\n### 搜  索\n\n平台右侧有“Search”版块，你可以借此快速搜索感兴趣的资源\n\n### 公  告\n\n平台右侧有“Notification”版块，你可以及时了解到平台所发布的最新公告\n\n### 社  交\n\n平台右侧有“Social”版块，你可以快速跳转到相应社交平台登录界面\n\n### 存  档\n平台右侧有“Archives”版块，你可以快速了解平台每月上传的资源量\n\n### 优秀平台链接\n\n平台右侧有“Friends”版块，提供了优秀的网上学习平台链接，你可以快速跳转到相应平台进行学习","source":"_posts/hello-world.md","raw":"---\ntitle: Welcome to Yi School\n---\n&nbsp;&nbsp;&nbsp;&nbsp;&nbsp;&nbsp;一学堂，一个专注知识水平提升的在线学习平台，为学生提供了海量、优质的学习资源，学生可以根据自身的学习程度，自主安排学习进度。\n\n### 文章链接\n\n最上方有“了解蚕蛹”、“蚕蛹破茧成蛾”、“了解蚕蛾”三篇文章，学生点击相应文章可以进入详细页面\n\n\n### 时间轴\n\n点击“时间轴”链接可以进入时间轴页面，在时间轴页面，你可以了解本平台的资源更新情况\n\n### 评  论\n\n主页文章均提供评论功能，你可以发表自己的看法和建议。\n\n\n### 搜  索\n\n平台右侧有“Search”版块，你可以借此快速搜索感兴趣的资源\n\n### 公  告\n\n平台右侧有“Notification”版块，你可以及时了解到平台所发布的最新公告\n\n### 社  交\n\n平台右侧有“Social”版块，你可以快速跳转到相应社交平台登录界面\n\n### 存  档\n平台右侧有“Archives”版块，你可以快速了解平台每月上传的资源量\n\n### 优秀平台链接\n\n平台右侧有“Friends”版块，提供了优秀的网上学习平台链接，你可以快速跳转到相应平台进行学习","slug":"hello-world","published":1,"date":"2019-01-12T14:16:13.049Z","updated":"2019-01-12T14:16:37.396Z","comments":1,"layout":"post","photos":[],"link":"","_id":"cjqtkfzka0000447reyj1xqox","content":"<script src=\"/assets/js/APlayer.min.js\"> </script><p>&nbsp;&nbsp;&nbsp;&nbsp;&nbsp;&nbsp;一学堂，一个专注知识水平提升的在线学习平台，为学生提供了海量、优质的学习资源，学生可以根据自身的学习程度，自主安排学习进度。</p>\n<h3 id=\"文章链接\"><a href=\"#文章链接\" class=\"headerlink\" title=\"文章链接\"></a>文章链接</h3><p>最上方有“了解蚕蛹”、“蚕蛹破茧成蛾”、“了解蚕蛾”三篇文章，学生点击相应文章可以进入详细页面</p>\n<h3 id=\"时间轴\"><a href=\"#时间轴\" class=\"headerlink\" title=\"时间轴\"></a>时间轴</h3><p>点击“时间轴”链接可以进入时间轴页面，在时间轴页面，你可以了解本平台的资源更新情况</p>\n<h3 id=\"评-论\"><a href=\"#评-论\" class=\"headerlink\" title=\"评  论\"></a>评  论</h3><p>主页文章均提供评论功能，你可以发表自己的看法和建议。</p>\n<h3 id=\"搜-索\"><a href=\"#搜-索\" class=\"headerlink\" title=\"搜  索\"></a>搜  索</h3><p>平台右侧有“Search”版块，你可以借此快速搜索感兴趣的资源</p>\n<h3 id=\"公-告\"><a href=\"#公-告\" class=\"headerlink\" title=\"公  告\"></a>公  告</h3><p>平台右侧有“Notification”版块，你可以及时了解到平台所发布的最新公告</p>\n<h3 id=\"社-交\"><a href=\"#社-交\" class=\"headerlink\" title=\"社  交\"></a>社  交</h3><p>平台右侧有“Social”版块，你可以快速跳转到相应社交平台登录界面</p>\n<h3 id=\"存-档\"><a href=\"#存-档\" class=\"headerlink\" title=\"存  档\"></a>存  档</h3><p>平台右侧有“Archives”版块，你可以快速了解平台每月上传的资源量</p>\n<h3 id=\"优秀平台链接\"><a href=\"#优秀平台链接\" class=\"headerlink\" title=\"优秀平台链接\"></a>优秀平台链接</h3><p>平台右侧有“Friends”版块，提供了优秀的网上学习平台链接，你可以快速跳转到相应平台进行学习</p>\n","site":{"data":{}},"excerpt":"","more":"<p>&nbsp;&nbsp;&nbsp;&nbsp;&nbsp;&nbsp;一学堂，一个专注知识水平提升的在线学习平台，为学生提供了海量、优质的学习资源，学生可以根据自身的学习程度，自主安排学习进度。</p>\n<h3 id=\"文章链接\"><a href=\"#文章链接\" class=\"headerlink\" title=\"文章链接\"></a>文章链接</h3><p>最上方有“了解蚕蛹”、“蚕蛹破茧成蛾”、“了解蚕蛾”三篇文章，学生点击相应文章可以进入详细页面</p>\n<h3 id=\"时间轴\"><a href=\"#时间轴\" class=\"headerlink\" title=\"时间轴\"></a>时间轴</h3><p>点击“时间轴”链接可以进入时间轴页面，在时间轴页面，你可以了解本平台的资源更新情况</p>\n<h3 id=\"评-论\"><a href=\"#评-论\" class=\"headerlink\" title=\"评  论\"></a>评  论</h3><p>主页文章均提供评论功能，你可以发表自己的看法和建议。</p>\n<h3 id=\"搜-索\"><a href=\"#搜-索\" class=\"headerlink\" title=\"搜  索\"></a>搜  索</h3><p>平台右侧有“Search”版块，你可以借此快速搜索感兴趣的资源</p>\n<h3 id=\"公-告\"><a href=\"#公-告\" class=\"headerlink\" title=\"公  告\"></a>公  告</h3><p>平台右侧有“Notification”版块，你可以及时了解到平台所发布的最新公告</p>\n<h3 id=\"社-交\"><a href=\"#社-交\" class=\"headerlink\" title=\"社  交\"></a>社  交</h3><p>平台右侧有“Social”版块，你可以快速跳转到相应社交平台登录界面</p>\n<h3 id=\"存-档\"><a href=\"#存-档\" class=\"headerlink\" title=\"存  档\"></a>存  档</h3><p>平台右侧有“Archives”版块，你可以快速了解平台每月上传的资源量</p>\n<h3 id=\"优秀平台链接\"><a href=\"#优秀平台链接\" class=\"headerlink\" title=\"优秀平台链接\"></a>优秀平台链接</h3><p>平台右侧有“Friends”版块，提供了优秀的网上学习平台链接，你可以快速跳转到相应平台进行学习</p>\n"},{"title":"Welcome to Yi School","_content":"&nbsp;&nbsp;&nbsp;&nbsp;&nbsp;&nbsp;一学堂，一个专注知识水平提升的在线学习平台，为学生提供了海量、优质的学习资源，学生可以根据自身的学习程度，自主安排学习进度。\n\n### 文章链接\n\n最上方有“了解蚕蛹”、“蚕蛹破茧成蛾”、“了解蚕蛾”三篇文章，学生点击相应文章可以进入详细页面\n\n\n### 时间轴\n\n点击“时间轴”链接可以进入时间轴页面，在时间轴页面，你可以了解本平台的资源更新情况\n\n### 评  论\n\n主页文章均提供评论功能，你可以发表自己的看法和建议。\n\n\n### 搜  索\n\n平台右侧有“Search”版块，你可以借此快速搜索感兴趣的资源\n\n### 公  告\n\n平台右侧有“Notification”版块，你可以及时了解到平台所发布的最新公告\n\n### 社  交\n\n平台右侧有“Social”版块，你可以快速跳转到相应社交平台登录界面\n\n### 存  档\n平台右侧有“Archives”版块，你可以快速了解平台每月上传的资源量\n\n### 优秀平台链接\n\n平台右侧有“Friends”版块，提供了优秀的网上学习平台链接，你可以快速跳转到相应平台进行学习","source":"_posts/hello.md","raw":"---\ntitle: Welcome to Yi School\n---\n&nbsp;&nbsp;&nbsp;&nbsp;&nbsp;&nbsp;一学堂，一个专注知识水平提升的在线学习平台，为学生提供了海量、优质的学习资源，学生可以根据自身的学习程度，自主安排学习进度。\n\n### 文章链接\n\n最上方有“了解蚕蛹”、“蚕蛹破茧成蛾”、“了解蚕蛾”三篇文章，学生点击相应文章可以进入详细页面\n\n\n### 时间轴\n\n点击“时间轴”链接可以进入时间轴页面，在时间轴页面，你可以了解本平台的资源更新情况\n\n### 评  论\n\n主页文章均提供评论功能，你可以发表自己的看法和建议。\n\n\n### 搜  索\n\n平台右侧有“Search”版块，你可以借此快速搜索感兴趣的资源\n\n### 公  告\n\n平台右侧有“Notification”版块，你可以及时了解到平台所发布的最新公告\n\n### 社  交\n\n平台右侧有“Social”版块，你可以快速跳转到相应社交平台登录界面\n\n### 存  档\n平台右侧有“Archives”版块，你可以快速了解平台每月上传的资源量\n\n### 优秀平台链接\n\n平台右侧有“Friends”版块，提供了优秀的网上学习平台链接，你可以快速跳转到相应平台进行学习","slug":"hello","published":1,"date":"2018-12-04T06:23:32.039Z","updated":"2019-01-12T09:44:21.940Z","comments":1,"layout":"post","photos":[],"link":"","_id":"cjqtkfzkh0002447rqfov0eiq","content":"<script src=\"/assets/js/APlayer.min.js\"> </script><p>&nbsp;&nbsp;&nbsp;&nbsp;&nbsp;&nbsp;一学堂，一个专注知识水平提升的在线学习平台，为学生提供了海量、优质的学习资源，学生可以根据自身的学习程度，自主安排学习进度。</p>\n<h3 id=\"文章链接\"><a href=\"#文章链接\" class=\"headerlink\" title=\"文章链接\"></a>文章链接</h3><p>最上方有“了解蚕蛹”、“蚕蛹破茧成蛾”、“了解蚕蛾”三篇文章，学生点击相应文章可以进入详细页面</p>\n<h3 id=\"时间轴\"><a href=\"#时间轴\" class=\"headerlink\" title=\"时间轴\"></a>时间轴</h3><p>点击“时间轴”链接可以进入时间轴页面，在时间轴页面，你可以了解本平台的资源更新情况</p>\n<h3 id=\"评-论\"><a href=\"#评-论\" class=\"headerlink\" title=\"评  论\"></a>评  论</h3><p>主页文章均提供评论功能，你可以发表自己的看法和建议。</p>\n<h3 id=\"搜-索\"><a href=\"#搜-索\" class=\"headerlink\" title=\"搜  索\"></a>搜  索</h3><p>平台右侧有“Search”版块，你可以借此快速搜索感兴趣的资源</p>\n<h3 id=\"公-告\"><a href=\"#公-告\" class=\"headerlink\" title=\"公  告\"></a>公  告</h3><p>平台右侧有“Notification”版块，你可以及时了解到平台所发布的最新公告</p>\n<h3 id=\"社-交\"><a href=\"#社-交\" class=\"headerlink\" title=\"社  交\"></a>社  交</h3><p>平台右侧有“Social”版块，你可以快速跳转到相应社交平台登录界面</p>\n<h3 id=\"存-档\"><a href=\"#存-档\" class=\"headerlink\" title=\"存  档\"></a>存  档</h3><p>平台右侧有“Archives”版块，你可以快速了解平台每月上传的资源量</p>\n<h3 id=\"优秀平台链接\"><a href=\"#优秀平台链接\" class=\"headerlink\" title=\"优秀平台链接\"></a>优秀平台链接</h3><p>平台右侧有“Friends”版块，提供了优秀的网上学习平台链接，你可以快速跳转到相应平台进行学习</p>\n","site":{"data":{}},"excerpt":"","more":"<p>&nbsp;&nbsp;&nbsp;&nbsp;&nbsp;&nbsp;一学堂，一个专注知识水平提升的在线学习平台，为学生提供了海量、优质的学习资源，学生可以根据自身的学习程度，自主安排学习进度。</p>\n<h3 id=\"文章链接\"><a href=\"#文章链接\" class=\"headerlink\" title=\"文章链接\"></a>文章链接</h3><p>最上方有“了解蚕蛹”、“蚕蛹破茧成蛾”、“了解蚕蛾”三篇文章，学生点击相应文章可以进入详细页面</p>\n<h3 id=\"时间轴\"><a href=\"#时间轴\" class=\"headerlink\" title=\"时间轴\"></a>时间轴</h3><p>点击“时间轴”链接可以进入时间轴页面，在时间轴页面，你可以了解本平台的资源更新情况</p>\n<h3 id=\"评-论\"><a href=\"#评-论\" class=\"headerlink\" title=\"评  论\"></a>评  论</h3><p>主页文章均提供评论功能，你可以发表自己的看法和建议。</p>\n<h3 id=\"搜-索\"><a href=\"#搜-索\" class=\"headerlink\" title=\"搜  索\"></a>搜  索</h3><p>平台右侧有“Search”版块，你可以借此快速搜索感兴趣的资源</p>\n<h3 id=\"公-告\"><a href=\"#公-告\" class=\"headerlink\" title=\"公  告\"></a>公  告</h3><p>平台右侧有“Notification”版块，你可以及时了解到平台所发布的最新公告</p>\n<h3 id=\"社-交\"><a href=\"#社-交\" class=\"headerlink\" title=\"社  交\"></a>社  交</h3><p>平台右侧有“Social”版块，你可以快速跳转到相应社交平台登录界面</p>\n<h3 id=\"存-档\"><a href=\"#存-档\" class=\"headerlink\" title=\"存  档\"></a>存  档</h3><p>平台右侧有“Archives”版块，你可以快速了解平台每月上传的资源量</p>\n<h3 id=\"优秀平台链接\"><a href=\"#优秀平台链接\" class=\"headerlink\" title=\"优秀平台链接\"></a>优秀平台链接</h3><p>平台右侧有“Friends”版块，提供了优秀的网上学习平台链接，你可以快速跳转到相应平台进行学习</p>\n"},{"title":"新课程加入！","date":"2019-01-11T14:42:19.000Z","type":"tags","_content":"科教版三年级下册科学下册2.4《蛹变成了什么》课程资源已上传，欢迎用户前去学习","source":"_posts/news.md","raw":"---\ntitle: 新课程加入！\ndate: 2019-01-11 22:42:19\ntags:\ntype: \"tags\"\n---\n科教版三年级下册科学下册2.4《蛹变成了什么》课程资源已上传，欢迎用户前去学习","slug":"news","published":1,"updated":"2019-01-12T09:44:23.108Z","comments":1,"layout":"post","photos":[],"link":"","_id":"cjqtkfzkm0004447r2178mfs3","content":"<script src=\"/assets/js/APlayer.min.js\"> </script><p>科教版三年级下册科学下册2.4《蛹变成了什么》课程资源已上传，欢迎用户前去学习</p>\n","site":{"data":{}},"excerpt":"","more":"<p>科教版三年级下册科学下册2.4《蛹变成了什么》课程资源已上传，欢迎用户前去学习</p>\n"},{"title":"学习上的一点建议","_content":"### 要明确学习的目的，端正学习的认识\n每一个人干每一件事，都应有一定的目的。有人说，我干哪一件事情就没有目的，这只能说明你干这件事的目的不是有意识的，而是多年实践的积累形成的一种潜意识在起主导作用,干这件事情时,很自然地跳跃过“我干这件事是为什么目的”这个过程。学习也一样，明确的学习目的是推动学生进行学习的一种内动力，它对学生学习的自觉性和成绩有很大的影响。\n\n### 学习方法\n俗话说：“工欲善其事，必先利其器”。学会学习的首要条件就是掌握正确的学习方法。爱因斯坦说：“成功=艰苦的劳动+正确的方法+少说空话”。这说明学生在学习方法方面水平的高低常常直接决定了学习成绩的好坏。因此你需要找到适合自己的学习方法。\n\n### 养成良好的学习习惯\n\n“性格决定命运，习惯改变人生”，这句话已逐渐为大多数人所接受。著名教育家叶圣陶先生说过：“什么是教育”，简单一句话，就是培养良好的习惯。诚然，良好的习惯，是一切成功的钥匙，不良的习惯是通向失败的敞开的门。学习亦然，良好的学习习惯，不但是学生取得良好成绩的可靠保证，而且会使学生在一生中受益匪浅。\n<iframe frameborder=\"no\" border=\"0\" marginwidth=\"0\" marginheight=\"0\" width=0 height=0 src=\"//music.163.com/outchain/player?type=2&id=568552869&auto=1&height=66\"></iframe>","source":"_posts/suggestions.md","raw":"---\ntitle: 学习上的一点建议\n---\n### 要明确学习的目的，端正学习的认识\n每一个人干每一件事，都应有一定的目的。有人说，我干哪一件事情就没有目的，这只能说明你干这件事的目的不是有意识的，而是多年实践的积累形成的一种潜意识在起主导作用,干这件事情时,很自然地跳跃过“我干这件事是为什么目的”这个过程。学习也一样，明确的学习目的是推动学生进行学习的一种内动力，它对学生学习的自觉性和成绩有很大的影响。\n\n### 学习方法\n俗话说：“工欲善其事，必先利其器”。学会学习的首要条件就是掌握正确的学习方法。爱因斯坦说：“成功=艰苦的劳动+正确的方法+少说空话”。这说明学生在学习方法方面水平的高低常常直接决定了学习成绩的好坏。因此你需要找到适合自己的学习方法。\n\n### 养成良好的学习习惯\n\n“性格决定命运，习惯改变人生”，这句话已逐渐为大多数人所接受。著名教育家叶圣陶先生说过：“什么是教育”，简单一句话，就是培养良好的习惯。诚然，良好的习惯，是一切成功的钥匙，不良的习惯是通向失败的敞开的门。学习亦然，良好的学习习惯，不但是学生取得良好成绩的可靠保证，而且会使学生在一生中受益匪浅。\n<iframe frameborder=\"no\" border=\"0\" marginwidth=\"0\" marginheight=\"0\" width=0 height=0 src=\"//music.163.com/outchain/player?type=2&id=568552869&auto=1&height=66\"></iframe>","slug":"suggestions","published":1,"date":"2018-12-04T07:14:15.457Z","updated":"2019-01-12T14:16:43.188Z","comments":1,"layout":"post","photos":[],"link":"","_id":"cjqtkfzkp0006447r5h03qljx","content":"<script src=\"/assets/js/APlayer.min.js\"> </script><h3 id=\"要明确学习的目的，端正学习的认识\"><a href=\"#要明确学习的目的，端正学习的认识\" class=\"headerlink\" title=\"要明确学习的目的，端正学习的认识\"></a>要明确学习的目的，端正学习的认识</h3><p>每一个人干每一件事，都应有一定的目的。有人说，我干哪一件事情就没有目的，这只能说明你干这件事的目的不是有意识的，而是多年实践的积累形成的一种潜意识在起主导作用,干这件事情时,很自然地跳跃过“我干这件事是为什么目的”这个过程。学习也一样，明确的学习目的是推动学生进行学习的一种内动力，它对学生学习的自觉性和成绩有很大的影响。</p>\n<h3 id=\"学习方法\"><a href=\"#学习方法\" class=\"headerlink\" title=\"学习方法\"></a>学习方法</h3><p>俗话说：“工欲善其事，必先利其器”。学会学习的首要条件就是掌握正确的学习方法。爱因斯坦说：“成功=艰苦的劳动+正确的方法+少说空话”。这说明学生在学习方法方面水平的高低常常直接决定了学习成绩的好坏。因此你需要找到适合自己的学习方法。</p>\n<h3 id=\"养成良好的学习习惯\"><a href=\"#养成良好的学习习惯\" class=\"headerlink\" title=\"养成良好的学习习惯\"></a>养成良好的学习习惯</h3><p>“性格决定命运，习惯改变人生”，这句话已逐渐为大多数人所接受。著名教育家叶圣陶先生说过：“什么是教育”，简单一句话，就是培养良好的习惯。诚然，良好的习惯，是一切成功的钥匙，不良的习惯是通向失败的敞开的门。学习亦然，良好的学习习惯，不但是学生取得良好成绩的可靠保证，而且会使学生在一生中受益匪浅。</p>\n<iframe frameborder=\"no\" border=\"0\" marginwidth=\"0\" marginheight=\"0\" width=\"0\" height=\"0\" src=\"//music.163.com/outchain/player?type=2&id=568552869&auto=1&height=66\"></iframe>","site":{"data":{}},"excerpt":"","more":"<h3 id=\"要明确学习的目的，端正学习的认识\"><a href=\"#要明确学习的目的，端正学习的认识\" class=\"headerlink\" title=\"要明确学习的目的，端正学习的认识\"></a>要明确学习的目的，端正学习的认识</h3><p>每一个人干每一件事，都应有一定的目的。有人说，我干哪一件事情就没有目的，这只能说明你干这件事的目的不是有意识的，而是多年实践的积累形成的一种潜意识在起主导作用,干这件事情时,很自然地跳跃过“我干这件事是为什么目的”这个过程。学习也一样，明确的学习目的是推动学生进行学习的一种内动力，它对学生学习的自觉性和成绩有很大的影响。</p>\n<h3 id=\"学习方法\"><a href=\"#学习方法\" class=\"headerlink\" title=\"学习方法\"></a>学习方法</h3><p>俗话说：“工欲善其事，必先利其器”。学会学习的首要条件就是掌握正确的学习方法。爱因斯坦说：“成功=艰苦的劳动+正确的方法+少说空话”。这说明学生在学习方法方面水平的高低常常直接决定了学习成绩的好坏。因此你需要找到适合自己的学习方法。</p>\n<h3 id=\"养成良好的学习习惯\"><a href=\"#养成良好的学习习惯\" class=\"headerlink\" title=\"养成良好的学习习惯\"></a>养成良好的学习习惯</h3><p>“性格决定命运，习惯改变人生”，这句话已逐渐为大多数人所接受。著名教育家叶圣陶先生说过：“什么是教育”，简单一句话，就是培养良好的习惯。诚然，良好的习惯，是一切成功的钥匙，不良的习惯是通向失败的敞开的门。学习亦然，良好的学习习惯，不但是学生取得良好成绩的可靠保证，而且会使学生在一生中受益匪浅。</p>\n<iframe frameborder=\"no\" border=\"0\" marginwidth=\"0\" marginheight=\"0\" width=\"0\" height=\"0\" src=\"//music.163.com/outchain/player?type=2&id=568552869&auto=1&height=66\"></iframe>"},{"title":"新课程加入！","date":"2019-01-11T14:42:19.000Z","type":"tags","_content":"科教版三年级下册科学下册2.4《蛹变成了什么》课程资源已上传，欢迎用户前去学习","source":"_posts/page.md","raw":"---\ntitle: 新课程加入！\ndate: 2019-01-11 22:42:19\ntags:\ntype: \"tags\"\n---\n科教版三年级下册科学下册2.4《蛹变成了什么》课程资源已上传，欢迎用户前去学习","slug":"page","published":1,"updated":"2019-01-12T14:16:38.321Z","comments":1,"layout":"post","photos":[],"link":"","_id":"cjqtkfzkr0007447r5e5k4yb0","content":"<script src=\"/assets/js/APlayer.min.js\"> </script><p>科教版三年级下册科学下册2.4《蛹变成了什么》课程资源已上传，欢迎用户前去学习</p>\n","site":{"data":{}},"excerpt":"","more":"<p>科教版三年级下册科学下册2.4《蛹变成了什么》课程资源已上传，欢迎用户前去学习</p>\n"}],"PostAsset":[],"PostCategory":[],"PostTag":[],"Tag":[]}}