{"meta":{"title":"蛹变成了什么（夏亮亮）","subtitle":null,"description":null,"author":"Xia","url":"https://xllgethub.github.io"},"pages":[{},{},{},{},{},{},{}],"posts":[{"title":"新课程加入！","date":"2019-01-11T14:42:19.000Z","path":"2019/01/11/news/","text":"科教版三年级下册科学下册2.4《蛹变成了什么》课程资源已上传，欢迎用户前去学习","tags":[]},{"title":"学习上的一点建议","date":"2018-12-04T07:14:15.457Z","path":"2018/12/04/suggestions/","text":"要明确学习的目的，端正学习的认识每一个人干每一件事，都应有一定的目的。有人说，我干哪一件事情就没有目的，这只能说明你干这件事的目的不是有意识的，而是多年实践的积累形成的一种潜意识在起主导作用,干这件事情时,很自然地跳跃过“我干这件事是为什么目的”这个过程。学习也一样，明确的学习目的是推动学生进行学习的一种内动力，它对学生学习的自觉性和成绩有很大的影响。 学习方法俗话说：“工欲善其事，必先利其器”。学会学习的首要条件就是掌握正确的学习方法。爱因斯坦说：“成功=艰苦的劳动+正确的方法+少说空话”。这说明学生在学习方法方面水平的高低常常直接决定了学习成绩的好坏。因此你需要找到适合自己的学习方法。 养成良好的学习习惯“性格决定命运，习惯改变人生”，这句话已逐渐为大多数人所接受。著名教育家叶圣陶先生说过：“什么是教育”，简单一句话，就是培养良好的习惯。诚然，良好的习惯，是一切成功的钥匙，不良的习惯是通向失败的敞开的门。学习亦然，良好的学习习惯，不但是学生取得良好成绩的可靠保证，而且会使学生在一生中受益匪浅。","tags":[]},{"title":"Welcome to Yi School","date":"2018-12-04T06:23:32.039Z","path":"2018/12/04/hello/","text":"&nbsp;&nbsp;&nbsp;&nbsp;&nbsp;&nbsp;一学堂，一个专注知识水平提升的在线学习平台，为学生提供了海量、优质的学习资源，学生可以根据自身的学习程度，自主安排学习进度。 文章链接最上方有“了解蚕蛹”、“蚕蛹破茧成蛾”、“了解蚕蛾”三篇文章，学生点击相应文章可以进入详细页面 时间轴点击“时间轴”链接可以进入时间轴页面，在时间轴页面，你可以了解本平台的资源更新情况 评 论主页文章均提供评论功能，你可以发表自己的看法和建议。 搜 索平台右侧有“Search”版块，你可以借此快速搜索感兴趣的资源 公 告平台右侧有“Notification”版块，你可以及时了解到平台所发布的最新公告 社 交平台右侧有“Social”版块，你可以快速跳转到相应社交平台登录界面 存 档平台右侧有“Archives”版块，你可以快速了解平台每月上传的资源量 优秀平台链接平台右侧有“Friends”版块，提供了优秀的网上学习平台链接，你可以快速跳转到相应平台进行学习","tags":[]}]}